Barcode,Cluster
AAACAACGAATAGTTC-1,4
AAACAAGTATCTCCCA-1,9
AAACAATCTACTAGCA-1,2
AAACACCAATAACTGC-1,3
AAACAGAGCGACTCCT-1,9
AAACAGCTTTCAGAAG-1,9
AAACAGGGTCTATATT-1,9
AAACAGTGTTCCTGGG-1,3
AAACATTTCCCGGATT-1,6
AAACCACTACACAGAT-1,7
AAACCCGAACGAAATC-1,9
AAACCGGGTAGGTACC-1,5
AAACCTAAGCAGCCGG-1,6
AAACCTCATGAAGTTG-1,4
AAACGAAGAACATACC-1,1
AAACGACAGTCTTGCC-1,7
AAACGAGACGGTTGAT-1,1
AAACGCCCGAGATCGG-1,7
AAACGGGCGTACGGGT-1,6
AAACGGGTTGGTATCC-1,2
AAACGGTTGCGAACTG-1,3
AAACGTGTTCGCCCTA-1,4
AAACTAACGTGGCGAC-1,4
AAACTCGGTTCGCAAT-1,6
AAACTCGTGATATAAG-1,7
AAACTGCTGGCTCCAA-1,1
AAACTTAATTGCACGC-1,3
AAACTTGCAAACGTAT-1,9
AAAGAATGTGGACTAA-1,6
AAAGACATGAAGTTTA-1,1
AAAGACCCAAGTCGCG-1,1
AAAGACTGGGCGCTTT-1,8
AAAGGCCCTATAATAC-1,3
AAAGGCTACGGACCAT-1,1
AAAGGCTCTCGCGCCG-1,1
AAAGGGATGTAGCAAG-1,2
AAAGGGCAGCTTGAAT-1,4
AAAGGTAAGCTGTACC-1,4
AAAGGTCAACGACATG-1,7
AAAGTAGCATTGCTCA-1,3
AAAGTCACTGATGTAA-1,1
AAAGTCGACCCTCAGT-1,8
AAAGTGTGATTTATCT-1,8
AAAGTTGACTCCCGTA-1,2
AAATAACCATACGGGA-1,9
AAATAAGGTAGTGCCC-1,2
AAATACCTATAAGCAT-1,1
AAATAGCTTAGACTTT-1,2
AAATAGGGTGCTATTG-1,5
AAATCCGATACACGCC-1,6
AAATCGTGTACCACAA-1,5
AAATCTAGCCCTGCTA-1,2
AAATGATTCGATCAGC-1,8
AAATGCTCGTTACGTT-1,2
AAATGGCATGTCTTGT-1,1
AAATGGCCCGTGCCCT-1,9
AAATGGTCAATGTGCC-1,5
AAATGTGGGTGCTCCT-1,2
AAATTAACGGGTAGCT-1,4
AAATTACACGACTCTG-1,4
AAATTACCTATCGATG-1,7
AAATTCCAGGTCCAAA-1,2
AAATTGATAGTCCTTT-1,3
AAATTGCGGCGGTTCT-1,4
AAATTGGTGAGAAGCA-1,8
AAATTTACCGAAATCC-1,9
AAATTTGCGGGTGTGG-1,4
AACAACTGGTAGTTGC-1,4
AACAATACATTGTCGA-1,3
AACAATTACTCTACGC-1,5
AACACACGCTCGCCGC-1,6
AACACGACTGTACTGA-1,1
AACACGAGACGCGGCC-1,8
AACACGCGGCCGCGAA-1,2
AACAGCTGTGTGGCAA-1,3
AACAGGAAATCGAATA-1,1
AACAGGATGGGCCGCG-1,5
AACAGGTAGTATGGAT-1,9
AACATATCAACTGGTG-1,7
AACATCGATACGTCTA-1,8
AACATTGAAGTTGATC-1,3
AACATTGGTCAGCCGT-1,4
AACATTGTGACTCGAG-1,3
AACCAAGACTTCTCTG-1,5
AACCAGTATCACTCTT-1,9
AACCATAGGGTTGAAC-1,3
AACCATGGGATCGCTA-1,4
AACCCAGAGACGGAGA-1,2
AACCCATCCCATGATC-1,3
AACCCGACAACCCGTG-1,3
AACCCGAGCAGAATCG-1,2
AACCCTACTGTCAATA-1,2
AACCCTGGTGGAACCA-1,1
AACCGAGCTTGGTCAT-1,1
AACCGCTAAGGGATGC-1,4
AACCGTTGTGTTTGCT-1,7
AACCTAAAGCCGTCCG-1,2
AACCTCGCTTTAGCCC-1,6
AACCTGTCACGGAATT-1,4
AACCTTTAAATACGGT-1,2
AACCTTTACGACGTCT-1,8
AACGAAAGTCGTCCCA-1,3
AACGACCTCCTAGCCG-1,6
AACGATAATGCCGTAG-1,2
AACGATAGAAGGGCCG-1,2
AACGATATGTCAACTG-1,1
AACGCATGATCTGGGT-1,4
AACGCGAACGGCAACA-1,5
AACGCGACCTTGGGCG-1,3
AACGCGGTCTCCAGCC-1,1
AACGCTGTTGCTGAAA-1,6
AACGGACGTACGTATA-1,6
AACGGCCATCTCCGGT-1,8
AACGTACTGTGGGTAC-1,8
AACGTAGTCTACCCAT-1,2
AACGTCAGACTAGTGG-1,2
AACGTCGCTGCACTTC-1,6
AACGTGATGAAGGACA-1,7
AACGTGCGAAAGTCTC-1,9
AACGTTATCAGCACCT-1,8
AACTACCCGTTTGTCA-1,9
AACTAGCGTATCGCAC-1,2
AACTAGGCTTGGGTGT-1,2
AACTCAAGTTAATTGC-1,5
AACTCCAGAGCGTGTT-1,6
AACTCCTAATCCCATG-1,7
AACTCGATAAACACGT-1,4
AACTCGATGGCGCAGT-1,2
AACTCTCAATAGAGCG-1,1
AACTGAGGTCAGCGTC-1,8
AACTGATATTAGGCCT-1,1
AACTGGGTCCCGACGT-1,1
AACTGGGTTCGAGCCG-1,7
AACTGGTGTGGGCCTT-1,2
AACTTCTGCGTCTATC-1,2
AACTTGCCCGTATGCA-1,5
AACTTGCGTTCTCGCG-1,4
AACTTTAGCTGCTGAG-1,2
AAGAAGGATCAGTTAG-1,2
AAGACATACGTGGTTT-1,6
AAGACCCAACTGAACA-1,2
AAGACTAACCCGTTGT-1,4
AAGACTCACGCCCACT-1,1
AAGACTGCAAGCTACT-1,5
AAGAGATGAATCGGTA-1,5
AAGAGCTCTTTATCGG-1,8
AAGAGGATGTACGCGA-1,5
AAGAGGCATGGATCGC-1,1
AAGAGGCCCTTTGGAA-1,4
AAGATGGCACCGGACC-1,3
AAGATTGGCGGAACGT-1,8
AAGCACCCTGCGTATC-1,2
AAGCATACTCTCCTGA-1,5
AAGCCGAAGCGGTTTA-1,9
AAGCCGCCGTGAAATC-1,3
AAGCGCAGGGCTTTGA-1,6
AAGCGGCGTCATGGGT-1,4
AAGCGTCCCTCATCGA-1,3
AAGCTAGATCGAGTAA-1,1
AAGCTCGTGCCAAGTC-1,4
AAGCTCTTTCATGGTG-1,5
AAGGAGAACTTATAAG-1,2
AAGGAGCGGTTGGTGC-1,4
AAGGATCGATCGCTTG-1,2
AAGGATGAGGGACCTC-1,1
AAGGCGCGTAAAGCTT-1,5
AAGGCTGTGCTCATCG-1,5
AAGGGAACGACTGGCT-1,3
AAGGGACAGATTCTGT-1,7
AAGGGACTATGCATTC-1,3
AAGGTATCCTAATATA-1,1
AAGGTGATAAACCAGC-1,9
AAGTAAGCTTCCAAAC-1,4
AAGTAGAAGACCGGGT-1,2
AAGTAGTGACGCGAGG-1,5
AAGTCAATTGTCGTCA-1,9
AAGTGACGACCGAATT-1,5
AAGTGAGTCGGGTTTA-1,3
AAGTGCCTTGACTGTA-1,5
AAGTGCGTTAGAATCT-1,9
AAGTGCTTCTCTATTG-1,3
AAGTGTTTGGAGACGG-1,4
AAGTTCACTCCAAGCT-1,6
AAGTTCAGTCTGCGTA-1,8
AAGTTCGGCCAACAGG-1,5
AAGTTGTGATGTTATA-1,6
AAGTTTACTAATGGCA-1,1
AAGTTTATGGGCCCAA-1,6
AATAACAACGCTCGGC-1,5
AATAAGTCCTCGAGAC-1,1
AATACAATGTTTCAGG-1,9
AATACCGGAGGGCTGT-1,3
AATACCTGATGTGAAC-1,6
AATAGAATCTGTTTCA-1,9
AATAGCAAGCCTCCTG-1,1
AATAGCTACCGCGTGC-1,8
AATAGTCCGTCCCGAC-1,1
AATATCAAGGTCGGAT-1,2
AATATCGAATCAATGC-1,9
AATATCGAGGGTTCTC-1,8
AATATTGGAGTATTGA-1,5
AATCAGACTGCAGGAC-1,2
AATCAGGTTTCATTTA-1,3
AATCATGTAAAGACTC-1,4
AATCCAAGGGCCTGAG-1,2
AATCCATGCAAGGGTG-1,2
AATCGCCTCAGCGCCA-1,7
AATCGCGCAGAGGACT-1,9
AATCGGGACACTACGA-1,1
AATCGGTATAGCCCTC-1,6
AATCGTGAGCCGAGCA-1,6
AATCTAGGTTTACTTG-1,9
AATCTATGCCGGAGCC-1,9
AATCTCTACTGTGGTT-1,8
AATCTGCGTTGGGACG-1,7
AATCTGGCTTTCTAGT-1,9
AATCTGGGTAGACCCT-1,9
AATGACAGCAATGTCT-1,8
AATGACGTAGGATGTC-1,1
AATGACTGTCAGCCGG-1,2
AATGAGTTCGCATATG-1,2
AATGATGATACGCTAT-1,7
AATGATGCGACTCCTG-1,7
AATGCAACCGGGTACC-1,2
AATGCACCAAGCAATG-1,8
AATGGTCCACCGTTCA-1,8
AATGGTTCTCACAAGC-1,4
AATGTATGGCACTGTA-1,3
AATGTGCCCGAGGTGT-1,3
AATGTGCTAATCTGAG-1,3
AATGTTGTCGTGAGAC-1,6
AATTAAAGGTCGGCGT-1,5
AATTAACGGATTTCCA-1,1
AATTAGCGCTGCAGCG-1,1
AATTCATAAGGGATCT-1,7
AATTCATTGTCATGCA-1,3
AATTCCAACTTGGTGA-1,2
AATTCCAAGCATGTAC-1,3
AATTCGATTCGAGGAT-1,6
AATTCTAGAGTTAGGC-1,1
AATTGAACGCTCTGGT-1,8
AATTGCAGCAATCGAC-1,6
AATTGCGTGGATTACA-1,3
AATTGTGGTTGCCAAA-1,6
AATTTGGGACATAGTA-1,7
AATTTGGTTCCAAAGA-1,1
ACAAACCATGCGTCCT-1,7
ACAAACCGACAAGGCG-1,2
ACAAAGCATGACCTAG-1,6
ACAAATCGCACCGAAT-1,6
ACAAATGGTAGTGTTT-1,7
ACAAATTCAGATCTGA-1,4
ACAACAGCATGAGCTA-1,5
ACAACGGTCCCTGCGA-1,1
ACAAGCAGTGCCTAGC-1,5
ACAAGGAAATCCGCCC-1,9
ACAAGGACAAGAGGTT-1,5
ACAAGGATGCTTTAGG-1,6
ACAAGGCCTACCAGCC-1,7
ACAATAGTCGTACGTT-1,5
ACAATCCATTTAAACC-1,5
ACAATCGATCTTTATA-1,2
ACAATGAATACGGAGA-1,3
ACAATGATTCTTCTAC-1,8
ACAATTGTGTCTCTTT-1,6
ACAATTTGAGCAGTGG-1,1
ACACAAAGACGGGTGG-1,1
ACACACCAGGACCAGT-1,9
ACACACTTTCTACACG-1,1
ACACATGATCAAATCT-1,3
ACACATTTCCGTAGAC-1,3
ACACCACATAATTAGC-1,2
ACACCCAGCATGCAGC-1,5
ACACCCGAGAAATCCG-1,2
ACACCGGTCTGACCGC-1,3
ACACCTTAAGTAGGGC-1,5
ACACCTTACTACTTGC-1,9
ACACGAGACTCCTTCT-1,5
ACACGGCACTATGCAT-1,7
ACACGGGAACTTAGGG-1,1
ACACGTAGGCCACAAG-1,1
ACACTCCAATGTCACT-1,2
ACACTGGGACAGTCGT-1,4
ACAGAACTGAGAACAA-1,3
ACAGATTAGGTTAGTG-1,2
ACAGCATAGAGCCAGT-1,1
ACAGCGACATTCTCAT-1,6
ACAGCGCACCCGCAGC-1,7
ACAGGCACGGATCCTT-1,6
ACAGGCTTGCCCGACT-1,6
ACAGTAATACAACTTG-1,9
ACAGTATACCGTGGGA-1,7
ACAGTGCAGCGCATTT-1,7
ACATAAGTCGTGGTGA-1,3
ACATAATAAGGCGGTG-1,1
ACATCCCGGCCATACG-1,1
ACATCCTGGTAACTGT-1,4
ACATCGATCGTTTACC-1,1
ACATCGGTCAGCCGCG-1,5
ACATCGTATGCAATGG-1,4
ACATCGTTAACCTAGT-1,7
ACATCTCAACGCGTAA-1,2
ACATGGCGCCAAAGTA-1,2
ACATGGCTCAATTTAG-1,4
ACATTAGTTTATATCC-1,1
ACATTTGAAACCTAAC-1,6
ACCAAACACCCAGCGA-1,8
ACCAAACTAGAAATCC-1,2
ACCAACACCACACACT-1,8
ACCAACCGCACTCCAC-1,6
ACCAAGAACGCGTGTC-1,1
ACCAAGTCATCGGCAG-1,6
ACCAATATGCAAGTTA-1,4
ACCACAACTCAGAACA-1,7
ACCACAAGTTTCTATC-1,4
ACCACCAATGTAACAA-1,4
ACCACGTGCAGCTATA-1,9
ACCAGCCCGGTCTTTG-1,2
ACCAGGAGTGTGATCT-1,2
ACCAGTGCCCGGTCAA-1,4
ACCAGTGCGGGAGACG-1,4
ACCATATCCGCAATAA-1,5
ACCATCCGCCAACTAG-1,4
ACCATCGTATATGGTA-1,5
ACCCAACGCCCGTGGC-1,1
ACCCACCTACATGCTC-1,1
ACCCATCTTGAGGGTA-1,5
ACCCATTTGTCCCTCT-1,6
ACCCGAGCGAAATTAC-1,3
ACCCGATTGGTTCCGA-1,3
ACCCGGAAACTCCCAG-1,1
ACCCGGATGACGCATC-1,2
ACCCGGTTACACTTCC-1,5
ACCCGTAGTCTAGTTG-1,6
ACCCGTGTCATCAGTA-1,1
ACCCTATAGGACTGAG-1,2
ACCCTATGCCATATCG-1,1
ACCCTCCCGTCAGGGC-1,6
ACCCTCCCTTGCTATT-1,9
ACCCTGGTAACGCCCT-1,7
ACCCTTCATCTGCGAA-1,1
ACCCTTTAGTTCTCCA-1,7
ACCGAAAGGGCCCTGC-1,2
ACCGAAGAGTCTGGTT-1,3
ACCGACACATCTCCCA-1,1
ACCGACTGAGTCCCAC-1,1
ACCGAGTCTCCTTATT-1,6
ACCGATAGGCATAACC-1,5
ACCGATGGTAGCATCG-1,1
ACCGCAATAACTGCCT-1,4
ACCGCGGTGGAAGTCG-1,5
ACCGGGCCTTTGTTGA-1,9
ACCGGTCAGGTACACC-1,3
ACCGGTCTGAGTACGG-1,7
ACCGTGACCACGTGGG-1,3
ACCGTTCCCGCTCTGA-1,1
ACCTAAGTACCTTTCA-1,8
ACCTAATCGACTTCCT-1,5
ACCTACAGTATGTGGT-1,9
ACCTACTATAAATCTA-1,3
ACCTCCGCCCTCGCTG-1,5
ACCTCCGTTATTCACC-1,2
ACCTCGAACTTATGCT-1,3
ACCTGCGTGTCATGTT-1,9
ACCTTTCCTTTAGAAG-1,2
ACGAAATGGGCGGCAC-1,5
ACGACTCTAGGGCCGA-1,6
ACGACTGGTCATACTC-1,3
ACGAGAACCCATCACG-1,2
ACGAGATATTTGCTTA-1,7
ACGAGGATACCACTCT-1,9
ACGAGGTTTACAACGT-1,3
ACGAGTACGGATGCCC-1,2
ACGAGTCGCCGGCGTT-1,4
ACGATACATAGAACTA-1,7
ACGATCATACATAGAG-1,2
ACGATCATCTTGTAAA-1,2
ACGATGCATATGTTAT-1,5
ACGATGGATCCGATGC-1,7
ACGCAAACTAATAGAT-1,3
ACGCAATCACTACAGC-1,7
ACGCATAAATGACATG-1,7
ACGCATACGTTTACTA-1,4
ACGCATTCGTGAGTAC-1,4
ACGCCAGATGATTTCT-1,7
ACGCCAGTGCGTTTGC-1,6
ACGCCCAGCTGTCGAT-1,2
ACGCGCTACACAGGGT-1,5
ACGCGGGCCAAGGACA-1,4
ACGCTAGTGATACACT-1,8
ACGCTGTGAGGCGTAG-1,8
ACGCTTAGTGTCTCTC-1,1
ACGGAACACGAGTGCC-1,6
ACGGAATTTAGCAAAT-1,4
ACGGACTCTCAAAGCG-1,1
ACGGAGCGCAAATTAC-1,4
ACGGATGGTGCGGATA-1,4
ACGGCACTTGCTTGGG-1,1
ACGGCCAACATGGACT-1,1
ACGGCGACGATGGGAA-1,9
ACGGCGGGTTGCCCTG-1,4
ACGGCTGGATGTAGAA-1,3
ACGGGAGTGTCGGCCC-1,8
ACGGGCGTATGCGACA-1,8
ACGGTACAGTTCAATG-1,6
ACGGTCACCGAGAACA-1,3
ACGTACAGATTTCTCT-1,1
ACGTACTTTGGCACGG-1,3
ACGTAGATTGCTGATG-1,5
ACGTAGGAGAGTCGCT-1,6
ACGTATTACTCCGATC-1,2
ACGTCCTAAACGAGAT-1,2
ACGTGCGCCTCGTGCA-1,1
ACGTGGTCGAATGTGC-1,2
ACGTTAATGTCGAAGA-1,7
ACGTTAGATTTGCCCG-1,5
ACGTTATTGGTCACTC-1,8
ACGTTCCGCGCTCCGT-1,4
ACGTTCGCAATCAATT-1,2
ACGTTCGTTCAGGAAA-1,3
ACGTTCTGTACAAGTC-1,6
ACGTTTAGTTGTGATC-1,1
ACTAATACGTCAGGCG-1,2
ACTACAAAGAGAGGTG-1,3
ACTACATCCCGACAAG-1,3
ACTACCAGCTCTCTGG-1,5
ACTACGCGTTAGAATT-1,2
ACTAGTTGCGATCGTC-1,8
ACTATATGCTGTGTTC-1,4
ACTATCCAGGGCATGG-1,2
ACTATCTGCCCGCGTA-1,4
ACTATGTCCAGCTGCC-1,3
ACTATTCGTCCGTGGT-1,7
ACTATTTCCGGGCCCA-1,3
ACTCAACGAATGTATT-1,2
ACTCAAGTGCAAGGCT-1,6
ACTCAATAAAGGCACG-1,1
ACTCAGACCTGCTTCT-1,2
ACTCATGGCAGCCTTC-1,3
ACTCCAATATCATCAT-1,3
ACTCCCATTCCTAAAG-1,9
ACTCCCGAATTCGTTT-1,2
ACTCCCTAATGCTAAA-1,2
ACTCCCTAGAATAGTA-1,1
ACTCCGGCCGACCACT-1,6
ACTCGATGTATTTCAT-1,8
ACTCGCCGTTCGATAA-1,6
ACTCGTAACCCGTCCT-1,8
ACTCGTCAGTAATCCC-1,1
ACTCTCTGACTTAGGT-1,7
ACTCTCTTATACACGA-1,7
ACTCTGACCTAATAGA-1,6
ACTCTTGTATAGTAAC-1,9
ACTGAAACGCCGTTAG-1,6
ACTGAATGGCGAAAGT-1,9
ACTGATTTAGTGATTC-1,7
ACTGCCCGCCATTCTC-1,3
ACTGCCGTCGTAACTC-1,1
ACTGCTCGGAAGGATG-1,9
ACTGGGATGCCAGTGC-1,3
ACTGTACGATACACAT-1,1
ACTGTAGCACTTTGGA-1,5
ACTGTATACGCGAGCA-1,2
ACTGTCCAGGATTATA-1,5
ACTGTCTTCTTTAGAA-1,5
ACTGTGCTAGTAGATC-1,2
ACTGTTTAGTGTAGGC-1,2
ACTTACCGGGCGCGCA-1,8
ACTTACGCATCCACGC-1,6
ACTTAGTACGACAAGA-1,2
ACTTATACTTACCCGG-1,7
ACTTATCTGATCTATA-1,2
ACTTATTAGGATCGGT-1,5
ACTTATTTATGTGCCA-1,4
ACTTCAGGCTGATCCC-1,6
ACTTCCATGCGGGACA-1,6
ACTTCCTGTCGTGCGA-1,7
ACTTCGCCATACGCAC-1,1
ACTTGCCATATTGTAC-1,1
ACTTGGGACCCGGTGG-1,4
ACTTGTAGTCCCTTCA-1,9
ACTTGTGGATGGAACG-1,5
ACTTTACCCTCATGAA-1,2
ACTTTCCTATAGCTTC-1,2
ACTTTGACTGCATCCT-1,8
ACTTTGGTCGTGCTCC-1,3
AGAAATTATGACTCGC-1,4
AGAACCCTCAATTGGG-1,3
AGAACGTGGTACATTC-1,1
AGAAGAGCGCCGTTCC-1,7
AGAAGGTACACTTCAC-1,9
AGAAGGTTGCCGAATT-1,5
AGAAGGTTGTAGGTCG-1,6
AGAAGTGATTCGTGAT-1,8
AGAATAAATCTTCAGG-1,8
AGAATGCGGGTTCGGA-1,5
AGAATTATGGATTCGA-1,2
AGAATTGTTTGACATA-1,2
AGACAGCTCAGAATCC-1,8
AGACATAGATCCTTCC-1,2
AGACCAAACCACACCT-1,9
AGACCATGGGATACAA-1,4
AGACCCACCGCTGATC-1,1
AGACCCGCCCTCCTCG-1,2
AGACCGCTCCGCGGTT-1,9
AGACCGGGAAACCCTG-1,8
AGACGAAGTGCCGGTC-1,6
AGACGACGATGCCGCT-1,3
AGACGGGATTGGTATA-1,2
AGACGGGCCGATTTAA-1,5
AGACTAGCCTTCCAGA-1,5
AGACTGTTACCGGGTC-1,3
AGAGAAACACCAGAAA-1,3
AGAGAACCGTCTAGGA-1,1
AGAGAAGGAGTACAAT-1,3
AGAGATCTCTAAAGCG-1,8
AGAGCAGTTATGAGAC-1,4
AGAGCCGCCGAGATTT-1,4
AGAGCGGGCTAATCAT-1,1
AGAGCGTACAAGCTCG-1,4
AGAGCTACGAAAGCAT-1,4
AGAGGCTTCGGAAACC-1,4
AGAGGGACAATTGTCC-1,8
AGAGGTATCTCGGTCC-1,2
AGAGTAAACTTCACTA-1,9
AGAGTTAGAGACCGAT-1,4
AGATAACTTCAGGGCC-1,5
AGATACCAATAGAACC-1,6
AGATACCAGCACTTCA-1,8
AGATACCGGTGTTCAC-1,5
AGATACGACTTCATAT-1,2
AGATACTCAAGATCGA-1,9
AGATATAATACGACTA-1,6
AGATCGTGCATAAGAT-1,7
AGATCTCAGGTGTGAT-1,2
AGATGACTCGCCCACG-1,1
AGATGAGGGTTGCGAT-1,8
AGATGATGGAGTCTGG-1,2
AGATGCAAGACGTGCA-1,3
AGATTATAGGACGTTT-1,5
AGATTCAAGCGGGTCG-1,7
AGATTCACAACCGATA-1,9
AGCAAAGGCCGCTAGT-1,2
AGCAACATATCTTATT-1,2
AGCAACCGAAAGTAAT-1,3
AGCACACGTTTAGACT-1,3
AGCACCAGTACTCACG-1,1
AGCACTACCGGCCTGT-1,5
AGCACTACCTCACCAG-1,4
AGCACTTAAGGACGCC-1,5
AGCAGAAGGAGAAAGA-1,6
AGCAGCCAGATGAATA-1,1
AGCAGTCGAAGCATGC-1,4
AGCATATCAATATGCT-1,6
AGCATCATTTCGAAAG-1,9
AGCATCGTCGATAATT-1,2
AGCATTACGAGGCAAG-1,6
AGCCAAGCTTTGTGTC-1,1
AGCCACAGGTTACCCG-1,6
AGCCACTCCCGTGCTT-1,7
AGCCATATAGTATGTG-1,3
AGCCCATACATGTAAG-1,5
AGCCCGCAACAAGCAG-1,3
AGCCCGCACTACAATG-1,6
AGCCCGGCATTAGAGG-1,3
AGCCCGGTAGCCTGTA-1,3
AGCCCTAAGCGAAGTT-1,2
AGCCCTCCCTGGTGGC-1,3
AGCCCTTCTAATCCGA-1,4
AGCCCTTGGACATCCC-1,4
AGCCGTGGCTAAATGT-1,8
AGCCTAATACCCACGT-1,9
AGCCTTAAAGCGGAAG-1,8
AGCGACATCCCATTCA-1,1
AGCGACCAACGATATT-1,2
AGCGAGACGTGAAGGC-1,3
AGCGATGCGCCTAATA-1,6
AGCGCATAATGAATCG-1,1
AGCGCGGGTGCCAATG-1,7
AGCGCTTATGGGCAAG-1,9
AGCGGACACTTCGTAG-1,1
AGCGGCGGTTAGCGGT-1,9
AGCGGGAAGGGTCCAT-1,2
AGCGGGTCTGACACTC-1,6
AGCGGTTGAGATGTAC-1,1
AGCGGTTGCCGCTCTG-1,7
AGCGTACGAGAGCTAG-1,5
AGCGTAGCGCTAGACC-1,2
AGCGTCTGAACCCGCA-1,2
AGCGTTCCGATTTAAA-1,7
AGCTAACAAGCAATGT-1,3
AGCTAAGTACGCAGGC-1,6
AGCTAGAAGCAGAAGT-1,7
AGCTATTTAATCCAAC-1,7
AGCTCCATATATGTTC-1,1
AGCTCCTTCGCACATC-1,6
AGCTCTAGACGTTCCA-1,1
AGCTCTTCCCAGTGCA-1,7
AGCTCTTCGTAACCTT-1,2
AGCTCTTTACTCAGTT-1,5
AGCTGAAGTAAACCAA-1,1
AGCTGCATTTGAGGTG-1,7
AGCTGCTGTGCCGAAT-1,7
AGCTGTAACCTCAATC-1,3
AGCTTATAGAGACCTG-1,1
AGCTTCAATACTTTGA-1,2
AGCTTCTTCTCGAGCA-1,6
AGCTTGATCAGGGTAG-1,3
AGCTTGATCTTAACTT-1,5
AGGAAAGCCTCTGATG-1,2
AGGAAGCTGTCCGCCG-1,1
AGGACAGTCGAATCCC-1,1
AGGACATCGCACGTCG-1,2
AGGACGACCCATTAGA-1,5
AGGACGCTCGATGTTG-1,8
AGGAGGCCTTCGCGCG-1,6
AGGATAAAGTCGGGAT-1,2
AGGATATAGGGATTTA-1,8
AGGATATCCGACTGCA-1,6
AGGATCACGCGATCTG-1,1
AGGATTGCTTACGACA-1,2
AGGCAAAGAGGAATCA-1,2
AGGCACGTGACTGTCC-1,2
AGGCAGATGCGTAAAC-1,1
AGGCAGGGAGCGTACT-1,3
AGGCATTGTCGTAGGG-1,9
AGGCCACCCGTTATGA-1,5
AGGCCCAGTGACTGGT-1,4
AGGCCCATTGTACAGG-1,1
AGGCCCTAGAACGCCA-1,8
AGGCCTATCATACCAA-1,3
AGGCCTGAGAATCTCG-1,6
AGGCGGTTTGTCCCGC-1,3
AGGCGTCTATGGACGG-1,9
AGGCTATGGTTAGCTT-1,5
AGGCTTGCTAGACACC-1,8
AGGGAAACGAGGTACT-1,1
AGGGACAGCACGGCGG-1,2
AGGGACCGGCTGCGTT-1,2
AGGGACTCTACGCGAC-1,1
AGGGAGACATACTTCG-1,2
AGGGCAGCGGCGTGGT-1,7
AGGGCGAGCAGCTGAT-1,8
AGGGCGTGATCGGCTA-1,2
AGGGCTGCAGTTACAG-1,5
AGGGTCAGAGCACTCG-1,3
AGGGTCAGTAACCCTA-1,4
AGGGTCGATGCGAACT-1,2
AGGGTCTGGACGCAGT-1,6
AGGGTGCCGTTCTTTA-1,3
AGGGTGCTCTCGAGGG-1,1
AGGGTGTGCTACACGC-1,7
AGGGTTCAGACGGTCC-1,3
AGGGTTCCCTTTGGTT-1,1
AGGGTTTAGTTCGGGA-1,5
AGGTAACCTCCTATTC-1,2
AGGTACGATATTGCCA-1,7
AGGTAGATCGAGATAT-1,3
AGGTAGGTACAAAGCT-1,5
AGGTATAATTGATAGT-1,2
AGGTCAGGTGAGAGTG-1,8
AGGTCGCCACTTCGGT-1,2
AGGTCGCGGAGTTACT-1,8
AGGTGCACGTCCACAT-1,6
AGGTGGTGACCTTCGC-1,3
AGGTGTATCGCCATGA-1,8
AGGTTACACCATGCCG-1,9
AGGTTCTCCTTTCCGG-1,3
AGGTTGAGGCACGCTT-1,1
AGGTTTCACACACCTT-1,1
AGTAACGTTCATCCTG-1,9
AGTAACTATAGCAGCC-1,6
AGTAATCTAAGGGTGG-1,6
AGTAATGTCTTGCCGC-1,1
AGTAATTTGCAAGCGT-1,3
AGTACAGAAGCTTATA-1,6
AGTACATCATTTATCA-1,2
AGTACCTTCGAGTGCT-1,4
AGTACGGCCCGTATCG-1,8
AGTACGGGCACCTGGC-1,7
AGTACGTGGCCTGTCT-1,7
AGTACTCTTATGCCCA-1,6
AGTAGAAGGCGCCTCA-1,3
AGTAGCGTGAACGAAC-1,2
AGTAGCTAGACGCCGA-1,7
AGTAGGAAGGAAGTTG-1,8
AGTAGGTAACATACAT-1,1
AGTATAATACTAGGCA-1,4
AGTATACACAGCGACA-1,3
AGTATCCATAATAACG-1,4
AGTATGCTGGAGACCA-1,3
AGTATTTGGCACGACC-1,1
AGTCAAATGATGTGAT-1,3
AGTCAACACCACCATC-1,5
AGTCAAGATGACACTT-1,4
AGTCACTAGCTCTCGA-1,4
AGTCACTCCGCCTCAT-1,2
AGTCAGCCACCGCCTG-1,9
AGTCCAGCGGGTACGT-1,4
AGTCCATTGGCTGATG-1,2
AGTCCCGCCTTTAATT-1,8
AGTCGACGGTCTCAAG-1,1
AGTCGGCCCAAACGAC-1,5
AGTCGGCTCAACTTTA-1,8
AGTCGGTTGCGTGAGA-1,9
AGTCGTATAAAGCAGA-1,6
AGTCGTCGACCACCAA-1,6
AGTCGTGGGCATTACG-1,4
AGTCTAAAGTATACTC-1,2
AGTCTCACAAGACTAC-1,3
AGTCTGGACATCCTTG-1,2
AGTCTTCTCCTCAAAT-1,2
AGTCTTTAAAGTGTCC-1,6
AGTGAACAAACTTCTC-1,2
AGTGACCTACTTTACG-1,5
AGTGACTGTGACACAA-1,3
AGTGAGACTTCCAGTA-1,1
AGTGAGCCTCGCCGCC-1,2
AGTGAGGGTTTCTGAC-1,9
AGTGAGTCGAATTAAC-1,6
AGTGATAACCTGCGCG-1,6
AGTGATATGAGTAGTT-1,8
AGTGATTCAAGCAGGA-1,3
AGTGCACGCTTAAGAA-1,6
AGTGCGTAGCTCGTAA-1,5
AGTGCTAAACACAGCA-1,6
AGTGCTTGCACGAATA-1,1
AGTGGCCCGCAAATGG-1,6
AGTGGCGGCAATTTGA-1,7
AGTGGCGTCTGAAGGT-1,6
AGTGGCTCCGTCGGCC-1,8
AGTGGTGTTACCCGTG-1,9
AGTGGTTGCGTATAGG-1,8
AGTGTATTGCGCATTG-1,8
AGTGTGGTCTATTGTG-1,4
AGTTAAACACTTGCGA-1,5
AGTTAAGCGGTCCCGG-1,7
AGTTAAGTCAACCGCT-1,3
AGTTACCGCACATGGT-1,7
AGTTACTCTATCGTGG-1,7
AGTTATTGAAAGGTAA-1,2
AGTTCCTACAGAATTA-1,4
AGTTCCTATTTATGTT-1,7
AGTTCTGCGTTGTATC-1,1
AGTTGACATCGGCTGG-1,2
AGTTGACGGTCCTTGC-1,1
AGTTGCGGTCCTCAAC-1,3
AGTTGCTGACTGATAT-1,2
AGTTGGCAAGGCTAGA-1,6
AGTTTATGTAAAGACA-1,7
AGTTTCGCAGGTCGGA-1,1
AGTTTGCACCTGCCTC-1,5
AGTTTGGCACGGGTTG-1,9
AGTTTGGCCAGACCTA-1,8
ATAAACCATTGGACGG-1,2
ATAAACGTTGCACCAC-1,8
ATAAAGGCTCGGTCGT-1,4
ATAAAGGTCAAGTACG-1,7
ATAAATATTAGCAGCT-1,5
ATAACGCCGGAGGGTC-1,1
ATAACGGAGTCCAACG-1,1
ATAACGTTACCTCCAC-1,4
ATAAGGTGGAGAACAT-1,1
ATAAGTACCCGATTGT-1,4
ATAAGTAGGATTCAGA-1,2
ATAAGTAGGGCGACTC-1,2
ATAAGTTACCGCGACG-1,1
ATAATACCGTTAGCCG-1,4
ATAATAGCTGTTGAAT-1,7
ATAATAGTGTAGGGAC-1,4
ATAATCTTGGAGAACC-1,6
ATAATTAGCTAAGTAG-1,1
ATACAGGCCCTCCAAT-1,5
ATACCACGGGCAACTT-1,5
ATACCAGCAAATTGCT-1,2
ATACCAGGCTAATAGA-1,2
ATACCAGGTGAGCGAT-1,2
ATACCCTGGCTCAAAT-1,4
ATACCGTCATCCATAA-1,8
ATACCTAACCAAGAAA-1,1
ATACGACAGATGGGTA-1,7
ATACGCCGATCTACCG-1,2
ATACGCCGGCGAAACC-1,3
ATACGGAACGTCGTTT-1,3
ATACGGGTTTCGATTG-1,7
ATACGTACTTAGCCAC-1,4
ATACGTCCACTCCTGT-1,7
ATACGTTATGCACGGA-1,1
ATACTACCCGTACCAC-1,6
ATACTAGCATGACCCT-1,1
ATACTCTCGCCACTCT-1,4
ATACTGCCTTACACCG-1,6
ATAGACAACGGGACCT-1,7
ATAGACGAAGAGAAAG-1,5
ATAGAGTACTGGGACA-1,5
ATAGAGTTATCAACTT-1,7
ATAGATTTGCAGTCGG-1,2
ATAGCAACTAGGGAAG-1,6
ATAGCCATAACAGTCA-1,6
ATAGCCTCAGTACCCA-1,4
ATAGGAATCTAAGCTT-1,1
ATAGGCGGCTATAGAA-1,5
ATAGGCTAGCTTCGCA-1,7
ATAGGGATATCCTTGA-1,1
ATAGGTTGGGCAGATG-1,2
ATAGTCTTTGACGTGC-1,1
ATAGTGAAGCGTTCTC-1,5
ATAGTTCCACCCACTC-1,2
ATATAAAGCGCTCGTG-1,2
ATATAAATGTAGCTGC-1,5
ATATAACACGGGCGCA-1,6
ATATACGCTCGTGACG-1,6
ATATAGAGTATTGGTC-1,3
ATATCAACCTACAGAG-1,2
ATATCGGTAGGGAGAT-1,2
ATATCGTGCCAGACCC-1,1
ATATCGTTCCTCGAAC-1,6
ATATCTCCCTCGTTAA-1,7
ATATCTTAGGGCCTTC-1,5
ATATGGGATAGCAACT-1,3
ATATGTCTCCCTAGCC-1,4
ATATGTGCACAAACCA-1,4
ATATTCAGTTAAACCT-1,5
ATATTCCACATAGTGA-1,4
ATATTCCCACAGGTCA-1,1
ATATTGCTGTCAAAGT-1,9
ATATTTAACCCTCAAG-1,4
ATCAAACACTGTTCCA-1,9
ATCAAACGAAGGTTTG-1,9
ATCAAGATCCCAGGAC-1,3
ATCAATCTGGGCTGCA-1,5
ATCAATGCCGTGGCTG-1,3
ATCACATTAGAATATC-1,7
ATCACGTGCTAATTAA-1,5
ATCACTTCATCCTCGC-1,1
ATCAGACGGCACGCCG-1,5
ATCAGCCTCATGCTGC-1,6
ATCAGCTCGTCCACTA-1,9
ATCAGGTCGCCATTGC-1,7
ATCAGTAGGCAGGGAT-1,7
ATCATAGCCCTATGTA-1,6
ATCATCCAATATTTGT-1,5
ATCATCTGCCCAGTGT-1,7
ATCCAACGCAGTCATA-1,5
ATCCAATGGAGGGTCC-1,5
ATCCACATCGACAGAA-1,1
ATCCACGCTAAATGTT-1,7
ATCCACTTTCAGACTA-1,8
ATCCAGGATTCGTGAA-1,5
ATCCCATCCACAGCGC-1,3
ATCCCATTTCCGTGGG-1,3
ATCCTACCTAAGCTCT-1,5
ATCCTGAATCGCTGCG-1,5
ATCCTGCGTGGAATGG-1,4
ATCCTGCTGCAGATAG-1,2
ATCGACCCAATACAGA-1,1
ATCGACTCTTTCCGTT-1,1
ATCGCACGATTGTTCA-1,2
ATCGCACGCCGGGAGA-1,2
ATCGCCAGTCAACATT-1,5
ATCGCTGCGTGCAGCA-1,7
ATCGGAGACAGACGGC-1,4
ATCGGCAAGCAGTCCA-1,7
ATCGTCCAATCGAGTC-1,4
ATCGTGGAAAGTCTGG-1,3
ATCGTTAGCTAGCGGA-1,6
ATCGTTCACTTTCGCC-1,8
ATCTAATATCCTACGG-1,1
ATCTACCATCTGCTCC-1,6
ATCTAGCTTGTGAGGG-1,6
ATCTCATAAACCTACC-1,7
ATCTCCCACGGAATAT-1,6
ATCTCCCTGCAATCTA-1,7
ATCTCGTGAGCGAAAC-1,9
ATCTGACATGGAAGGA-1,3
ATCTGATAGTGTCTTA-1,4
ATCTGCACCTCTGCGA-1,2
ATCTGCTGTTATCGCC-1,3
ATCTGGGCTGTTCTTG-1,1
ATCTGGTTAAGACTGT-1,1
ATCTGTAATTGTACCC-1,1
ATCTTAGGGCATTAAT-1,3
ATCTTATCGCACACCC-1,6
ATCTTGACCTGCAACG-1,4
ATCTTGACTTGTCCAA-1,2
ATCTTTCGTATAACCA-1,7
ATGAAGCCAAGGAGCC-1,2
ATGACGCCGGCTCTAA-1,2
ATGACGCGTTCTATCC-1,3
ATGACTATCAGCTGTG-1,3
ATGACTATGCGACATT-1,9
ATGAGGAGTGTTAATC-1,4
ATGATCGGGAATAGAC-1,2
ATGATGCAATGGTACA-1,5
ATGCACGCGCTGTTCA-1,3
ATGCACTACCGCATTG-1,4
ATGCATGATCCAGGAT-1,5
ATGCATTCCGTGATGG-1,2
ATGCCAATCGCTCTGC-1,4
ATGCCATTTGCGACCA-1,9
ATGCCGGTCTTGCATA-1,5
ATGCCGGTTGATGGGA-1,7
ATGCGACAATTGGTCC-1,4
ATGCGACAGTCCCATT-1,5
ATGCGAGTCCCACCAC-1,9
ATGCTCAGTGTTGCAT-1,1
ATGCTCTGGCGCGGTA-1,4
ATGGAAATTTAAGGAG-1,9
ATGGAACAGAATAAAC-1,7
ATGGAGCAGGCCGTGA-1,4
ATGGATCCGGCGTCCG-1,7
ATGGATTGACCAAACG-1,2
ATGGCAGCATTACGAT-1,7
ATGGCTGGAAATGGCC-1,4
ATGGGAACGGAAGCGG-1,7
ATGGGACCTGCTGAAC-1,3
ATGGGCCTCGGCCTCT-1,9
ATGGGTGTATACCTCC-1,3
ATGGTATTTACTGATT-1,3
ATGGTCGCGTGGTTTC-1,1
ATGGTGCTCAAAGCCA-1,2
ATGGTTACGAAACATG-1,7
ATGTAAGGCTGCTCTT-1,5
ATGTACATGCGGTGAG-1,6
ATGTACGATGACGTCG-1,4
ATGTAGCGCGCGTAGG-1,6
ATGTGAAAGCCTAATG-1,8
ATGTGCATCCGACGCA-1,1
ATGTGGACATCTTGAT-1,1
ATGTGTAGTTTAGTCA-1,1
ATGTTACGAGCAATAC-1,9
ATGTTCGTCGACCCAC-1,8
ATGTTGATTAGAGACT-1,6
ATGTTGTAGTCTGTTT-1,3
ATGTTTGTAAGATCAT-1,7
ATTAAACATGCGGACC-1,5
ATTAATACTACGCGGG-1,1
ATTAATGAACCAGTCG-1,1
ATTAATTCGGTCACTC-1,1
ATTACAACTACCGGCC-1,4
ATTACATGTCAGTCTT-1,9
ATTACCACACTGCCTG-1,9
ATTACGCGCTGGCAGG-1,5
ATTACTAGCCTCTTGC-1,2
ATTACTTACTGGGCAT-1,7
ATTAGATTCCTCAGCA-1,7
ATTAGATTGATAGCGG-1,1
ATTAGGCGATGCTTTC-1,9
ATTATACTTTGCTCGT-1,7
ATTATAGCTACTTTAC-1,2
ATTATCGGAATGTACG-1,3
ATTATCTCGACAGATC-1,1
ATTATGAGACCCAATT-1,3
ATTATGCCATAGGGAG-1,1
ATTATTATGTCCGTCA-1,3
ATTATTCAGAGTCACT-1,6
ATTCAACCATTTAAGG-1,6
ATTCACTGATGTTGGA-1,1
ATTCAGATGAATCCCT-1,7
ATTCAGGACCTATTTC-1,7
ATTCAGGATCGCCTCT-1,7
ATTCAGTAGCAGGGTC-1,5
ATTCATATACTGTCCA-1,1
ATTCATCGTTGAGGCA-1,6
ATTCCCACATAAACAA-1,5
ATTCCTAAGACGTGGA-1,4
ATTCCTCCGCCAGTGC-1,4
ATTCCTTCCAGGCGGT-1,2
ATTCGACGCCGGGCCT-1,5
ATTCGCGCCTTGAGAG-1,6
ATTCGTGCTATCTCTT-1,4
ATTCTCGTCTCTTTAG-1,1
ATTCTGAGTATGAACT-1,7
ATTCTTCGTACTTATG-1,9
ATTGAAGATCTTAGTG-1,5
ATTGACCGGCGATGAC-1,7
ATTGACGTAACTCGGT-1,7
ATTGATAGCAACGAGA-1,2
ATTGATCACCACATTT-1,9
ATTGATGAGTCCTAAC-1,2
ATTGCCTATTAGACCG-1,3
ATTGCCTTTATGTTTG-1,6
ATTGCGATCAGTAACT-1,4
ATTGCTGCTCCTCCAT-1,5
ATTGGATTACAGCGTA-1,2
ATTGGGAATATCTTGG-1,1
ATTGGGAGTTCTGTAA-1,1
ATTGGTTGTGCATTAC-1,6
ATTGTACAACTCGGCT-1,2
ATTGTCGCAATACCTT-1,9
ATTGTCTGTTTCATGT-1,3
ATTGTGACTTCGCTGC-1,4
ATTTAACTCGTATTAC-1,1
ATTTACAGTTTACTGG-1,4
ATTTACTAAGTCCATT-1,2
ATTTCATTATTTCGCG-1,1
ATTTCCGGGTTCTGCG-1,3
ATTTGCCTAGTTACGA-1,2
ATTTGCGCGAGTAGCT-1,3
ATTTGTCTTGGGAGCT-1,1
ATTTGTTCCAGGGCTC-1,1
CAAACCCTCCGGCGGG-1,1
CAAACGAGTATCGCAG-1,8
CAAACGGTCGCACTTT-1,5
CAAACGTGGTCTTGCG-1,1
CAAACTACGATAGAGA-1,1
CAAACTATTGAGCTTC-1,7
CAAACTCGCGACGCCG-1,9
CAAAGATTATTGGGCC-1,3
CAAAGGTTAAATTCAG-1,7
CAAAGTCAGGTTAGCT-1,2
CAAATCTCTCACAAGG-1,4
CAAATGCGGAGTGTTC-1,2
CAAATGTCCTTCCGTG-1,5
CAAATTGGATTATGCC-1,7
CAAATTGTCAGCAAGC-1,1
CAACAGAATAACGCTA-1,1
CAACAGTGCCAAACGG-1,2
CAACATGGCCTGATAA-1,4
CAACCAGTGGCCTACC-1,6
CAACCTACCGAGCAGT-1,6
CAACGACCCGTTTACA-1,1
CAACGGTTCTTGATAC-1,2
CAACGTGGTGGAGTCT-1,2
CAACTATATCGAATGC-1,1
CAACTCCAACGTTTAG-1,7
CAACTCCGTAACTTGC-1,4
CAACTCCTTGATCCCG-1,2
CAACTGAGGGTATGAC-1,4
CAACTGCTCATCCGAT-1,2
CAACTTGTAGTGGGCA-1,2
CAAGAGGGCGGAGTAC-1,1
CAAGATATTATAACGT-1,9
CAAGCAACGTCGGAGT-1,5
CAAGCACCAAATGCCT-1,1
CAAGCGGCACATAATT-1,2
CAAGGATCGCATGTTC-1,1
CAAGGCCAGTGGTGCA-1,6
CAAGGGAGTGTATTTG-1,4
CAAGGTCCTATAGGCT-1,2
CAAGTAAGTGATAGAC-1,3
CAAGTGAACTTTGGTT-1,2
CAAGTGTGGTTGCAAA-1,2
CAATAAACCTTGGCCC-1,1
CAATACGCTCTGAGGC-1,9
CAATATGTAGATTTAC-1,1
CAATATTGGACTAGTG-1,2
CAATCCATTATCCGTT-1,7
CAATCCCTATACCAGC-1,1
CAATCCTGCCGTGGAG-1,2
CAATGACCCTTAATTT-1,3
CAATGAGGTTCGACTA-1,2
CAATGCGAGAAGTATC-1,5
CAATGGAATCTACATA-1,9
CAATGGATCTCTACCA-1,1
CAATGGTCGGCCTGGG-1,1
CAATGTGCCAACCCTT-1,8
CAATTAAGGGTGATGA-1,2
CAATTTCGTATAAGGG-1,5
CAATTTGACCGGGAAG-1,4
CACAAACCGCAGAACT-1,6
CACAAGAAAGATATTA-1,4
CACAAGCTAAGAAAGG-1,3
CACAATGAGCTGCTAT-1,5
CACACACGCTAACGAG-1,4
CACACAGCTTGCGCTC-1,9
CACACAGGGATAGATT-1,4
CACACGCGCTGTCTTA-1,1
CACACGTTTCAATGGG-1,7
CACACTTGTATTGCGA-1,4
CACAGAGACGAGGACG-1,7
CACAGCACCCACGGCA-1,5
CACAGCTAGGGAGTGA-1,1
CACAGGGCCATATAGT-1,6
CACAGGGCCGTTGTCA-1,1
CACAGTCCCGCTTCGC-1,6
CACAGTTCGCTTCCCA-1,5
CACATAAGGCGACCGT-1,4
CACATATTAGCAGGAT-1,1
CACATCGTGCACGCGC-1,3
CACATCTCACCGACGA-1,4
CACATGATTCAGCAAC-1,5
CACATGTTTGGACATG-1,4
CACATTCTTTCGATGG-1,7
CACATTTCTTGTCAGA-1,5
CACCACGCCACACAGA-1,8
CACCAGTCAGCATGCA-1,3
CACCATCGGAGGAGAC-1,1
CACCATGATCGCAAAG-1,4
CACCCAAATCTTATGT-1,2
CACCCACACGTCACCC-1,2
CACCCACGAGGCAATT-1,1
CACCCGCGTTTGACAC-1,6
CACCCTAACAAGATCT-1,4
CACCCTTGGTGAGACC-1,9
CACCCTTTCCTCGCTC-1,2
CACCGATACACCGAGC-1,7
CACCGATGATGGGTAC-1,6
CACCGCCAGAAGGTTT-1,2
CACCGCCGACCAGCGA-1,1
CACCGCGTCCACTCTA-1,4
CACCGGAGATATCTCC-1,7
CACCGGGCATCACAAG-1,6
CACCGGTAGAGACATT-1,3
CACCGTATCCCATCCG-1,5
CACCGTTGCGCGATAT-1,8
CACCTAATAGAGTCGT-1,4
CACCTAATCAGTTTAC-1,1
CACCTCGATGGTGGAC-1,7
CACCTTGCGAAACTCG-1,1
CACCTTGGCGCCTTTG-1,4
CACGAAAGTTAGTCCC-1,5
CACGACCACAGACTTT-1,7
CACGACGTAATAGTAA-1,9
CACGACTAAAGTTCTG-1,2
CACGATTGGTCGTTAA-1,2
CACGCACAGCGCAGCT-1,1
CACGCAGCGAGGCTTT-1,5
CACGCGGAACTGTTGC-1,2
CACGGCGCGCCAAAGG-1,4
CACGTCAATCAATGGA-1,6
CACGTCGGCAACCTCT-1,8
CACGTCTATGATGTGG-1,9
CACGTTCGTGCTCTAG-1,1
CACGTTTCGTACACAC-1,6
CACTAAAGTTGCCTAT-1,5
CACTACGGGAGCTGCC-1,6
CACTACTCAGTTCTGT-1,1
CACTCAAGAGCTATGG-1,4
CACTCAGCTCTTGAGG-1,7
CACTCCTATGTAAGAT-1,3
CACTCCTCTCGGTCGG-1,8
CACTCGAGCTGAACAA-1,1
CACTCGGTTAGGAGGA-1,8
CACTCTCAAGCATCGA-1,3
CACTCTTCTGCTAGCC-1,6
CACTGACGATTGTGGA-1,3
CACTGTCCAAGTGAGA-1,1
CACTTAATCAGACGGA-1,5
CACTTCGCCACAGGCT-1,1
CACTTCGTCTTATCTC-1,2
CAGAACTTAGCCCTCT-1,6
CAGAATAACACACGGA-1,2
CAGACCTGTAAGTGTT-1,2
CAGAGACGGTCACCCA-1,1
CAGAGCATGAGCTTGC-1,2
CAGAGTGATTTAACGT-1,7
CAGATAATGGGCGGGT-1,6
CAGATACTAACATAGT-1,5
CAGATATGAAGATGAC-1,3
CAGATCATTTAAAGTC-1,7
CAGATCCTGGTTTGAA-1,3
CAGCAGCCCGTTCCTT-1,1
CAGCAGTCCAGACTAT-1,9
CAGCAGTCTGTGCTGC-1,6
CAGCCCTCACAGGCAG-1,1
CAGCCGGGCCCTCTAT-1,1
CAGCCTCCTGCAGAGG-1,7
CAGCCTCTCCTCAAGA-1,8
CAGCTCACTGAGACAT-1,4
CAGCTCGACAAGTTAA-1,1
CAGCTCGTGCTTGTGT-1,2
CAGCTGGCGTAACCGT-1,8
CAGCTTAGTAGGTAGC-1,5
CAGGAAGACTTTATAT-1,7
CAGGATATATCGTTGT-1,1
CAGGATCCGCCCGACC-1,2
CAGGCAGTCTTACCAG-1,6
CAGGCCAGTACCACCT-1,3
CAGGCCGTTTGGGTGT-1,4
CAGGCGCACGGTGGTC-1,3
CAGGCGCCATGCTAGG-1,1
CAGGGCTAACGAAACC-1,4
CAGTAACTATTTATTG-1,8
CAGTAATCCCTCCCAG-1,4
CAGTACATTCTCTAAA-1,8
CAGTACCAGTTTACGT-1,1
CAGTAGCCCACGCGGT-1,7
CAGTAGCGAGGTAGTA-1,4
CAGTCCAACGCCTTCT-1,8
CAGTCGAGGATGCAAT-1,7
CAGTCTCTCGGCTAAT-1,2
CAGTCTGTATACTGGG-1,7
CAGTGAATAAATGACT-1,1
CAGTGGTTGCACATGA-1,2
CAGTGTCCGCAGAATG-1,2
CAGTGTCGGCTGGCCC-1,6
CAGTGTTAATCTCTCA-1,3
CAGTTCAAATTGACAC-1,4
CAGTTCCGCGGGTCGA-1,5
CAGTTCGAGGACCCGA-1,3
CATAACGGACAGTCGT-1,2
CATAAGAAGCTTGGCT-1,5
CATAAGCTCTCCGTCT-1,8
CATAATGAGCGGGCGA-1,2
CATACAAAGCCGAACC-1,2
CATACACGGTTCCCAC-1,2
CATACCCGTACCCAGT-1,5
CATACGAACTAGCTGG-1,3
CATACGGCGTCTGGGC-1,5
CATACGGGTGCATGAT-1,4
CATACTATGTAATTGT-1,5
CATACTTAGGCAATAC-1,2
CATACTTCTTTCTCCG-1,3
CATAGAGGAGATACTA-1,6
CATAGCCGCCCGGGAT-1,5
CATAGTACATTGAGAG-1,1
CATAGTAGCATAGTAG-1,2
CATAGTCAAATACATA-1,6
CATAGTCCACAAGAAC-1,5
CATATACTACTGATAA-1,4
CATATAGGTACAGTCA-1,5
CATATGTCAGGCTACG-1,9
CATATTATTTGCCCTA-1,7
CATCAAACTGGCGCCC-1,4
CATCATCTACCCGGAC-1,7
CATCATTACCCTGAGG-1,6
CATCCAATATAGTTTG-1,3
CATCCCGAGATTCATA-1,6
CATCCGCAGGCCCGAA-1,2
CATCCTCTCAAAGATC-1,6
CATCGAATGGATCTCT-1,2
CATCGCCCGCGGCCAA-1,2
CATCGGACGGGTTAAT-1,5
CATCGTCCGGTTACTA-1,8
CATCTACCCGAGAACG-1,1
CATCTATCCCGTGTCT-1,8
CATCTTACACCACCTC-1,2
CATGAACCGACATTTG-1,1
CATGAACCTCTTATCA-1,2
CATGACTTCGCTGAAT-1,2
CATGAGATGCACTCTC-1,2
CATGATCGCTTTGAGA-1,6
CATGATGCACAATTCT-1,1
CATGATGGAAGTTAGC-1,2
CATGCACGTGTTACTG-1,7
CATGCATGGAGACCCT-1,1
CATGCCAACTCGCAAA-1,4
CATGCGACCAGTTTAA-1,7
CATGCGTTAGACAGAA-1,1
CATGCGTTGAGAGGAG-1,3
CATGCTGGCTCCAATT-1,1
CATGGAAATGGGACCA-1,4
CATGGATTGTCTTCCG-1,9
CATGGCAGGAAGATCG-1,2
CATGGGTATGCCTTAT-1,4
CATGGGTCGGGTGTGG-1,1
CATGGTCTAGATACCG-1,2
CATGGTTTATTAATCA-1,6
CATGTAAGAGACATTT-1,6
CATGTAGGAGCGCCAA-1,8
CATGTCTCATTTATGG-1,4
CATTACATAGATTGTG-1,8
CATTACGCAGGAAGGG-1,6
CATTACGTCGGCCCGT-1,7
CATTATAACAGGGTCC-1,2
CATTATCCCATTAACG-1,3
CATTATGCTTGTTGTG-1,5
CATTCACTGACAGCTA-1,1
CATTCAGGTCAGTGCG-1,2
CATTCCCATTCCGTCG-1,2
CATTCCCTAAGTACAA-1,4
CATTGATGAACACGCC-1,7
CATTGCAAAGCATAAT-1,2
CATTGCGAAATGGGCG-1,8
CATTGCGGGTCAATTC-1,8
CATTGTGTGCTAGATC-1,2
CATTTAGCGGACCATG-1,9
CATTTATCGTTCAAGA-1,1
CATTTCTAGCAGACTA-1,4
CCAAACAGAACCCTCG-1,2
CCAAAGCAGTTGGTTG-1,4
CCAAAGTCCCGCTAAC-1,2
CCAAATAACAAGATTC-1,9
CCAAATCAAAGGGCAA-1,3
CCAACCTTATGTAACT-1,3
CCAACGATGCACTGAT-1,5
CCAACGCTTGCCAGGG-1,4
CCAAGACTTCTGCGAA-1,1
CCAAGCGTAACTCGTA-1,5
CCAAGCTTGATCTCCT-1,4
CCAAGGAACAGAGAGG-1,2
CCAAGGTTGCCCTTTC-1,6
CCAATAGTGCCGTCGA-1,5
CCAATCGGTAGATCGA-1,7
CCAATGTCACAGCAAG-1,5
CCAATTACGGGTCGAG-1,8
CCAATTGAATGTTAAT-1,1
CCACAATGTACGTCTT-1,1
CCACACTGAGATATTA-1,5
CCACAGCTGAAATCAT-1,2
CCACAGTACCCATCCT-1,9
CCACATACTGCACCCA-1,9
CCACCCAAGGAAAGTG-1,1
CCACGAATTTAACCTC-1,4
CCACGAGAAGAGAATC-1,7
CCACGGAGCCATAAGA-1,8
CCACGGCAGGTGTAGG-1,3
CCACGGTGCCCGGTAG-1,2
CCACTAAACTGAATCG-1,4
CCACTATCCGGGTCAC-1,2
CCACTCAGATCCGCAA-1,6
CCACTGGTGGCTGGTT-1,4
CCACTGTTTGGATTAA-1,6
CCAGAAACTGATGCGA-1,6
CCAGAGACAAAGCCGG-1,9
CCAGATAGTTGAGTGA-1,1
CCAGCCTGGACCAATA-1,5
CCAGCTACGCCTCATA-1,2
CCAGCTCGAACGCATT-1,1
CCAGCTGATGGTACTT-1,5
CCAGCTTCCGCCCGCA-1,8
CCAGGGACGTGGCCTC-1,5
CCAGTAGTCTGATCCA-1,8
CCAGTCAAATCTCTTA-1,8
CCAGTCCATTATTCGA-1,2
CCAGTCTAGACGGCGC-1,9
CCAGTCTTGTCATAGA-1,2
CCAGTGAGCTCCTTGT-1,2
CCAGTGTACAGACCGA-1,3
CCAGTTCGGTAACTCA-1,6
CCATAAACAACCCGAC-1,2
CCATACCTTTACTTGT-1,2
CCATAGGTTGGCGTGG-1,7
CCATAGTCAGTAACCC-1,2
CCATATGGAAACTATA-1,5
CCATATTGGATCATGA-1,4
CCATCATAAGAACAGG-1,7
CCATCCATACCAAGTC-1,2
CCATCGCAGTTAAACT-1,1
CCATCTCACCAGTGAA-1,2
CCATCTTGTTCACAAT-1,2
CCATGCCCTAGATTTC-1,4
CCATGCCTGTTTAGTA-1,5
CCATGCTCTGCAGGAA-1,1
CCATGGCCCTTGTACC-1,5
CCATGTTCATCTATAT-1,3
CCATTAGCGATAATCC-1,5
CCATTCCCTGCCCACA-1,5
CCATTTCTACCTATTA-1,2
CCCAAACATGCTGCTC-1,1
CCCAACATACGTCGCG-1,5
CCCAACCACACTAACA-1,1
CCCAAGAATGCACGGT-1,7
CCCAAGACAGAGTATG-1,2
CCCAAGTCATTACACT-1,6
CCCAATGAGATTTGCA-1,3
CCCAATTTCACAACTT-1,5
CCCAGAGGAGGGCGTA-1,8
CCCAGGTCTGAAGGCT-1,4
CCCAGTAAACTTGGGA-1,9
CCCAGTTAAGGCGCCG-1,1
CCCATATAGGTCGATT-1,6
CCCATTATTGTATCCT-1,4
CCCGAAGTTTCGCGAA-1,9
CCCGACCATAGTCCGC-1,1
CCCGAGTTTCTCCGTA-1,9
CCCGCAGCGCGAACTA-1,1
CCCGCAGGGCCCAAAG-1,7
CCCGCCATGCTCCCGT-1,1
CCCGCGCAATGCACCC-1,2
CCCGCTAGAGGGTTAA-1,2
CCCGCTTGCCCTCGTC-1,2
CCCGGGTCGTTCAGGG-1,3
CCCGGTGGAAGAACCT-1,9
CCCGGTGTATCGGAAT-1,9
CCCGTAAGTCTAGGCC-1,5
CCCGTAGCTGGGAAGA-1,3
CCCGTCAGCGTCTGAC-1,2
CCCGTGGGTTAATTGA-1,4
CCCGTTTCGCAGATGT-1,5
CCCTACCCACACCCAG-1,4
CCCTACTTGAACAATG-1,6
CCCTAGTGTCAGGTGT-1,4
CCCTATGTAGAGCAGA-1,3
CCCTCATTCTGGAATT-1,2
CCCTCCTCGCTCGTAT-1,9
CCCTCGATAATACACA-1,3
CCCTCGGGAGCCTTGT-1,2
CCCTGAAATGAGTTGA-1,5
CCCTGACTAACAAATT-1,8
CCCTGATGTAACTCGT-1,4
CCCTGCCCAATCCGCT-1,5
CCCTGCGCTACGCATA-1,5
CCCTGGTATGGGCGGC-1,1
CCCTGTTGGCAAAGAC-1,4
CCCTTCTCGTACGCGA-1,2
CCCTTTAATGGAGTTC-1,6
CCGAAAGTGGTGAGCA-1,4
CCGAACACTGGGCCTC-1,9
CCGAACCTTCCCGGCC-1,1
CCGAAGTATATTGTTC-1,8
CCGACAAACACATGAG-1,2
CCGACAAAGGGAGTGC-1,5
CCGACAATAGGCCGCC-1,2
CCGACGGGCATGAGGT-1,3
CCGACGTAAACACAAC-1,4
CCGACTCGCATAGTCT-1,1
CCGAGAAGTCGCATAA-1,9
CCGAGCTGTGCTTGTC-1,8
CCGAGGGATGTTAGGC-1,1
CCGATCTCAACCTTAT-1,2
CCGATTCGAGGGACCC-1,5
CCGATTGGTCAATGAA-1,1
CCGCACAAAGACCAAC-1,4
CCGCACGTGACCTCGG-1,5
CCGCACTTGCAATGAC-1,6
CCGCATGTGGTACGAT-1,1
CCGCCACCACAATCCA-1,1
CCGCCGGAACTTCTCG-1,4
CCGCCGGTCAACACAC-1,1
CCGCCTGCGAATTGGT-1,8
CCGCCTTGCGATGTCG-1,8
CCGCGATTTGGTAGGT-1,8
CCGCGGGTACGAAGAA-1,5
CCGCGTAGGTAAGGGC-1,5
CCGCTATCAGCACCAG-1,1
CCGCTCCAGGGCGATC-1,1
CCGCTCTTCCGAACTA-1,6
CCGCTGGTGCCATTCA-1,1
CCGCTTACCTCACTCT-1,4
CCGCTTCGCGGTTAAC-1,2
CCGCTTGCTGACATGG-1,8
CCGGAATGGTTTCAGT-1,4
CCGGAGCGTACTTTCT-1,1
CCGGAGGTCTTATGGT-1,1
CCGGCACGACCGTTTC-1,2
CCGGCGCATATTGGAT-1,2
CCGGCGTGAGACTCTG-1,9
CCGGGACCCGCAGAGA-1,2
CCGGGCGGTCTCGTCA-1,4
CCGGGCTAAGAATTTC-1,3
CCGGGCTGCTCCATAC-1,1
CCGGGTTCGAGGTTAC-1,5
CCGGTAATGGCTAGTC-1,9
CCGGTTTGTAATTGTG-1,1
CCGTAAGTTGGTCCCA-1,9
CCGTACCCAAGCGCCA-1,2
CCGTAGGAAATCCCTG-1,6
CCGTAGGGTTGTTTAC-1,6
CCGTATCTCGTCGTAG-1,3
CCGTATTAGCGCAGTT-1,8
CCGTCAACCTCTGGCG-1,3
CCGTGCCCATGACGGC-1,1
CCGTGGAACGATCCAA-1,7
CCGTGTTAAATTCCAT-1,8
CCGTTACGTTAGAACA-1,7
CCGTTCCGAATCTCGG-1,4
CCTAAACAGGGTCCGT-1,2
CCTAAAGGCTGACGCT-1,7
CCTAAATTAACGGTTC-1,9
CCTAAATTGTATCCTA-1,4
CCTAACCCAAACAAGT-1,6
CCTAACTAAGGCTCTA-1,7
CCTAAGTGTCTAACCG-1,2
CCTACAAGTCCGGAAT-1,9
CCTACGCGACCTTACA-1,9
CCTACGGCTCAGTCGA-1,9
CCTACTCAACACGATT-1,6
CCTACTGCTTACACTT-1,5
CCTAGGCGTAGCGATC-1,1
CCTAGGTAAAGGTAGC-1,9
CCTAGTTAGTCGCATG-1,7
CCTATAATGAGTGCCC-1,4
CCTATATCGTGTCACG-1,3
CCTATATTTGTCCTGG-1,3
CCTATCTATATCGGAA-1,7
CCTATGAAGTGGTGCC-1,2
CCTATGGCTCCTAGTG-1,3
CCTATGGGTTACCGTC-1,2
CCTATGGTCAAAGCTG-1,1
CCTATGTCCACTCCAC-1,6
CCTCACCAATCTTGAC-1,4
CCTCACCTGAGGGAGC-1,2
CCTCACCTTAGCATCG-1,7
CCTCATGCAGCTACGA-1,2
CCTCCCGACAATCCCT-1,1
CCTCCGACAATTCAAG-1,5
CCTCCTAGCTAGAGTC-1,3
CCTCCTGAGCCCACAT-1,8
CCTCCTGTTGTGTCGT-1,6
CCTCGAAGTGGACGGG-1,1
CCTCGACCCACTGCCT-1,2
CCTCGCCAGCAAATTA-1,1
CCTCGCGCGATATAGG-1,7
CCTCGCGCTGTGCGAT-1,1
CCTCGGACCGGGATAG-1,1
CCTCGGTTTCCTTGCC-1,3
CCTCGTTACGCCTGTT-1,7
CCTCTAATCTGCCAAG-1,1
CCTCTACAAGGATTGG-1,3
CCTCTATCGATTAGCA-1,3
CCTCTCTCCCATCTAG-1,5
CCTCTGGCCTAGACGG-1,7
CCTCTGTACTATTCTA-1,1
CCTGAACGATATATTC-1,1
CCTGAATATTTACATA-1,2
CCTGACCACCGATGGT-1,1
CCTGACGCAACCTTTA-1,7
CCTGAGAATAAATGCA-1,3
CCTGCCCGTTGTCTAG-1,8
CCTGCGATAGAACTGT-1,2
CCTGCGTTCTACGCTT-1,8
CCTGCTATTTGAGAAG-1,5
CCTGGAAACGTTCTGC-1,4
CCTGGCTAGACCCGCC-1,4
CCTGGTCGAATGTGGG-1,1
CCTGTAAGACATGATA-1,5
CCTGTACTCACGCCCA-1,5
CCTGTCACCCGGGCTC-1,2
CCTGTCCCTCACGTTA-1,2
CCTGTCGCCCGTAAAT-1,5
CCTGTCGTGTATGAAG-1,3
CCTGTGCATAGGAGAC-1,4
CCTGTGCGGATTGTAA-1,7
CCTGTTCAACCTCGGG-1,3
CCTGTTTGAAGACACG-1,6
CCTTCAGTTAAAGTGA-1,3
CCTTCCGCAACGCTGC-1,3
CCTTCGTATAGAATCC-1,1
CCTTCTCAGCGTTCCT-1,9
CCTTCTTGATCCAGTG-1,1
CCTTGACCACTTTATT-1,2
CCTTGTGAACGTGGTT-1,3
CCTTTAAGGGAGCACT-1,1
CCTTTCAATGAAGAAA-1,7
CGAAACATAGATGGCA-1,7
CGAAACGCAATTCATG-1,5
CGAACAGTATGGGCGT-1,6
CGAACATAGTCAGAAA-1,4
CGAACCTCTTTCCTAG-1,3
CGAACGCCCAGTGCCG-1,1
CGAACGGCCGGACAAC-1,4
CGAAGACTGCCCGGGA-1,5
CGAAGCTATAAATTCA-1,4
CGAAGGGTTTCAGATT-1,3
CGAAGTTGCTCTGTGT-1,4
CGAATCTGCTCGACGC-1,3
CGAATGAAGTCATTGC-1,3
CGAATGACGCATAATG-1,1
CGAATTACATGGTGTT-1,7
CGACAATTTGATCTAA-1,2
CGACACCGCTTAAGGA-1,4
CGACACGCTCCGACAG-1,9
CGACAGTTCGCGTTAT-1,5
CGACATGCGATCTTCT-1,1
CGACCCTTAACGCCGG-1,9
CGACGCATCCGTACCT-1,9
CGACTCAGGATGTTAT-1,7
CGACTTTGTATAGCCT-1,2
CGAGACCCTAGAGTGT-1,1
CGAGACTACTGCTGCT-1,6
CGAGAGATGTGAACCT-1,2
CGAGAGCGCGTAGATA-1,9
CGAGAGCTTTCACTAC-1,6
CGAGAGGGTAGCCGCG-1,4
CGAGATGTTGCCTATA-1,4
CGAGATTTCGCTCGGG-1,8
CGAGCACTTCAAGTTT-1,4
CGAGCGTTGATCAGCC-1,1
CGAGCTGGGCTTTAGG-1,1
CGAGGAGCTTCCATAT-1,7
CGAGGATCGGGAACGA-1,4
CGAGGCCAGGCATTGG-1,2
CGAGGCTAAATATGGC-1,2
CGAGGGACTGCGGTCG-1,1
CGAGGGTATCCAGGTG-1,1
CGAGTACTAAAGAGGA-1,5
CGAGTGAAGGTACCAG-1,3
CGAGTGCTATAGTTCG-1,2
CGAGTTCTGTCCCACC-1,1
CGAGTTTATCGGACTG-1,1
CGATAATACTCAGGTT-1,9
CGATACCTCGCGGACA-1,5
CGATAGCGATACAGTG-1,3
CGATAGTCGTACTGCA-1,6
CGATATTAGCCGCAGG-1,2
CGATCCACCATTGTTG-1,3
CGATCCGACCCAGTGC-1,5
CGATCCTCGCAACATA-1,3
CGATCTGTTGGAGGAC-1,8
CGATGGACCCTACGCC-1,7
CGATGTTGTTATCTAC-1,3
CGATTAAATATCTCCT-1,1
CGATTCGCCTGGCTGC-1,5
CGCAAACACGAGTTAC-1,4
CGCAATTACTTTCGGT-1,1
CGCAATTAGGGTAATA-1,5
CGCAATTCTACAATAA-1,4
CGCACATGTCCACTAC-1,1
CGCACGTCTGTTTATG-1,3
CGCACGTGCGCTATCA-1,2
CGCAGAAACATTTGCG-1,2
CGCAGATCTTCACCCG-1,7
CGCAGGCGATCCAAAC-1,5
CGCATCATGGCTTCAG-1,7
CGCATCCATCAGCCAG-1,4
CGCATGCCGAATGCGT-1,6
CGCATGGTGCGATGCT-1,8
CGCATTAGCTAATAGG-1,5
CGCCAAGAAGCCGAGT-1,8
CGCCACAGGTCGCGAT-1,9
CGCCACCCGCATTAAC-1,4
CGCCATCCGATTATGA-1,7
CGCCCAGCACGCCTAG-1,1
CGCCCAGCGTTTCACG-1,6
CGCCCGCTTCCGTACA-1,1
CGCCCTAATTGTTCAA-1,3
CGCCCTTACATCCACC-1,7
CGCCCTTGAAGGCTGA-1,8
CGCCGCCCATGCCTGT-1,1
CGCCGCGTTCTGAACG-1,3
CGCCGTTCAGCATAGT-1,6
CGCCTGGCCTACGTAA-1,5
CGCCTTTAGCATGCTC-1,9
CGCGAAGTGGCATACT-1,6
CGCGACACTGCGCAGC-1,8
CGCGACCGCGACAGAT-1,4
CGCGAGAGGGACTTGT-1,4
CGCGAGTCTGCCGGGT-1,4
CGCGCAAATGTCCAGA-1,3
CGCGCAAGGAACTACA-1,2
CGCGCCCGACTTAATA-1,1
CGCGGCAGTATTACGG-1,4
CGCGGCTCAACTTGAA-1,2
CGCGGGAATTAGGCAG-1,1
CGCGGGAATTCCTTTC-1,6
CGCGGTAAGTCTAGCT-1,2
CGCGGTACGGTATACA-1,6
CGCGGTCACAAACCAA-1,4
CGCGTACATTCTGGAA-1,7
CGCGTCATATTAAACC-1,2
CGCGTGCTATCAACGA-1,2
CGCGTTCATGAAATAC-1,5
CGCTACCGCCCTATGA-1,2
CGCTACGGGACATTTA-1,5
CGCTAGAGACCGCTGC-1,2
CGCTATACCGCCCACT-1,2
CGCTATTCAATGTATG-1,4
CGCTATTCTTAGGCTC-1,4
CGCTCGACATAATGAT-1,1
CGCTCTCCGTAGATTA-1,5
CGCTGAGGACGTCCAA-1,2
CGCTGGTGACTACCCT-1,9
CGCTGTGACGCCGCAC-1,2
CGCTGTGTGGATGTTG-1,3
CGCTTAGTATTGATAC-1,3
CGCTTATTCCCGGTCG-1,5
CGCTTCCACTGAAATC-1,2
CGCTTCGGTCTAAGAC-1,6
CGCTTGGACGGATAGA-1,6
CGCTTTCATACCGGTG-1,2
CGCTTTCCGCCAAGGT-1,4
CGCTTTCTTGCATTCG-1,1
CGGAAAGAATCAAACG-1,3
CGGAAATTTCACATCC-1,1
CGGAACGTAAACATAG-1,8
CGGACCTTTACGTCCC-1,3
CGGAGCAATTTAATCG-1,2
CGGAGCATGGCGATCC-1,1
CGGAGCTTATAACACC-1,9
CGGAGTCCTAACCTGG-1,7
CGGAGTTTGAGAGACA-1,4
CGGATAAGCGGACATG-1,4
CGGATCCTCAAGGACT-1,4
CGGATGAATGCTGTGA-1,3
CGGCAAACATCGTGCG-1,2
CGGCAATAAGATCGCC-1,5
CGGCACCGTTAGCGCC-1,9
CGGCACTCAAGAAAGT-1,2
CGGCAGGGTCGGGTTG-1,2
CGGCCACGCACAAAGT-1,5
CGGCCAGAGCGACCAT-1,3
CGGCCCAACCTGTAGT-1,2
CGGCCCAGGTATATCC-1,4
CGGCGCCATCAATCCC-1,6
CGGCTCTAAAGCTGCA-1,9
CGGCTCTTCGTCGAAC-1,7
CGGCTGAAGGTTACGC-1,7
CGGCTGCAAGATTAAG-1,2
CGGCTTTGTATGATAA-1,2
CGGGAACGCCCTGCAT-1,3
CGGGAAGTACCGTGGC-1,3
CGGGAATATAGTATAC-1,9
CGGGAATTTATGTAAA-1,1
CGGGAGCTTCAGTGTA-1,6
CGGGAGTATACCGCCG-1,8
CGGGATCAATGTAAGA-1,1
CGGGCAGCTAAACCGC-1,4
CGGGCCATAGCCGCAC-1,4
CGGGCCTTCTTTGTAA-1,5
CGGGCGATGGATCACG-1,6
CGGGTGTACCCATTTA-1,1
CGGGTTCGGCACGTAT-1,1
CGGGTTGTAGCTTTGG-1,2
CGGGTTTGTTAGGGCT-1,2
CGGTACTAGAATCAAA-1,1
CGGTAGAGGTGCAGGT-1,7
CGGTATAGGTATTAGC-1,8
CGGTCAAGTGGGAACC-1,7
CGGTCCATGAGACTCC-1,7
CGGTCCGTCGCAAGCC-1,3
CGGTCTATCAACCCGT-1,7
CGGTGAAGACTAAAGT-1,5
CGGTGCAGATAGAACG-1,5
CGGTGCGCGTTGGTCC-1,9
CGGTGGGCTCCAGCCT-1,8
CGGTGTACTTGATCCC-1,9
CGGTTATCCAACAGTG-1,2
CGGTTCAAGTAGGTGT-1,9
CGGTTCCGGCTTCTTG-1,2
CGGTTGACCTGGCATA-1,5
CGGTTGAGTATCCTTC-1,3
CGGTTGGGCAGGGTCC-1,3
CGGTTGGGTTCAAGTT-1,5
CGGTTTATGAAGGAAC-1,4
CGTAAACGCTTGAGTG-1,2
CGTAAAGCAAGAAATC-1,3
CGTAACTTCGACACTT-1,3
CGTACCGAAAGTCTAG-1,4
CGTACCTGATAGGCCT-1,1
CGTAGAGAGTAATTAT-1,6
CGTAGCGAATTGTCAG-1,7
CGTAGCGCCGACGTTG-1,5
CGTATTAAGAGATCTA-1,4
CGTCAAGGCTATAAAT-1,8
CGTCACGTCCATTGGT-1,1
CGTCAGCTATTTACTC-1,9
CGTCAGTGCGCACAAG-1,2
CGTCAGTTTATCGTCT-1,2
CGTCATACCATATCCA-1,4
CGTCCTCATCGCGTGC-1,6
CGTCGCATGTGAGCCA-1,6
CGTCGCGGCGGGATTT-1,2
CGTCGCTTGGTTATAC-1,3
CGTCGGATAGTGTTGA-1,2
CGTCGGGTCTAAGCGC-1,3
CGTCGTCCTTCGCGAA-1,4
CGTCTGGAAGGGCCCG-1,1
CGTGAAGTTAATTCAC-1,5
CGTGACATTGGGTCGT-1,7
CGTGACCAGTCCTCTG-1,3
CGTGCACACCACTGTA-1,6
CGTGCATTGTCGACGC-1,5
CGTGCCCGACATTTGT-1,2
CGTGCTGGCCTAGTCG-1,4
CGTGCTTCTACCTAAA-1,3
CGTGGCCGAATATCTA-1,9
CGTGGTACCCAAAGGC-1,3
CGTGTATGGGAGCTGA-1,6
CGTGTCCCATTCGCGA-1,4
CGTGTCTCGTTACGAC-1,3
CGTGTGTTAAACCCTG-1,4
CGTTAAACTAGTTAGG-1,9
CGTTAATGTCCCGACG-1,6
CGTTAGCTCACAACTG-1,4
CGTTCAAGGAAACGGA-1,3
CGTTCAGACCCGCGAA-1,1
CGTTCATGGTGCGCGT-1,8
CGTTCTTCGCACACCT-1,4
CGTTGAATACCGCGCT-1,6
CGTTGAGTAATTGCGT-1,4
CGTTGCCCGCGTGGGA-1,3
CGTTGTAAACGTCAGG-1,8
CGTTGTAAGATTGATT-1,1
CGTTGTCGGCAATTGA-1,2
CGTTGTTTCAATTCCC-1,5
CGTTTAAGCGGAGCAC-1,1
CGTTTACAAGGCAGCT-1,7
CGTTTCACTTCGGGCG-1,7
CGTTTCGCTCATTACA-1,5
CTAAACGGGTGTAATC-1,2
CTAAAGAATGCCTACT-1,5
CTAAAGGGAAATAGGA-1,1
CTAAAGTCCGAAGCTA-1,2
CTAAATCCGGTGTACA-1,3
CTAAATCCTATTCCGG-1,1
CTAACCGCGCGCCCGT-1,5
CTAACGAAACTTGCTG-1,7
CTAACTGATAATCGCC-1,6
CTAAGTACAGGGCTAC-1,9
CTAATTCGCACGCGCT-1,4
CTAATTCTCAGATATT-1,2
CTAATTTCAACAACAC-1,4
CTACAAGAAATAACCC-1,3
CTACACTAGCTTGTTC-1,2
CTACACTCGCAGATGG-1,6
CTACATATCGCGGGAC-1,3
CTACCCTAAGGTCATA-1,7
CTACGAACTAGGTCGA-1,1
CTACGACTAGCTATAA-1,5
CTACGATCCTATCCTA-1,3
CTACGCACGGAGTACC-1,4
CTACGCCATTTCCGAT-1,7
CTACGTGTTGCCACCA-1,2
CTACTATCATAGGTTT-1,3
CTACTATCTTTCAGAG-1,7
CTACTCAAGGTATAGT-1,3
CTACTCTAGGCCCGGC-1,5
CTACTGCCACCTGACC-1,1
CTAGACATATATGTAG-1,1
CTAGACTGCATTTCGT-1,8
CTAGATAAACTCCTCG-1,5
CTAGATGTGAGTGTAA-1,2
CTAGCAACTAATTTAC-1,2
CTAGCATAGTATAATG-1,5
CTAGCCACAGGCGAGC-1,4
CTAGCCGATGTTATGA-1,7
CTAGCGCCAATCCTAC-1,7
CTAGGCGCCCTATCAG-1,6
CTAGGCGGCAGAGAAT-1,2
CTAGGGATAGGGACAA-1,3
CTAGGTCTGAAGGAAT-1,2
CTAGGTTCGGACGTGA-1,5
CTAGTAGAAAGGGATT-1,6
CTAGTATTCGGAATTA-1,1
CTAGTCACGTCTTAAG-1,4
CTAGTGAAGGACAGGA-1,5
CTAGTTACAACCCGGT-1,2
CTAGTTGGGCCCGGTA-1,2
CTATAAGAGCCAATCG-1,7
CTATAGGCGTTGATGT-1,3
CTATATCCAGCCTGGC-1,3
CTATCGACGAAATACA-1,6
CTATCGCGTAGAGAAC-1,1
CTATCGGGTCTCAACA-1,5
CTATGCCCGAATGCAA-1,1
CTATGGGAAGCGGAAT-1,5
CTATGTCACTAGCCCA-1,2
CTATGTCTATTGAAAC-1,1
CTATGTGAGTCACGGC-1,9
CTATTCATGTGTCCCA-1,1
CTATTGTGTTTGGTCA-1,8
CTATTTGCTTGGAGGA-1,3
CTATTTGGTTACGGAT-1,1
CTCAAACCACTGCCCG-1,3
CTCAACTAACCCGGAT-1,6
CTCAAGACATTAGCGC-1,4
CTCACATTTACTAAAT-1,1
CTCACCGATCCAAACT-1,4
CTCACTGTGATACTTA-1,6
CTCACTTGGCTGGTAA-1,5
CTCAGCAGACTGCCGA-1,7
CTCAGGACTCACCTGT-1,9
CTCAGTCACGACAAAT-1,7
CTCATGGCTCACAATC-1,7
CTCATGGTAATTTGCG-1,8
CTCATTGCTCTAACAA-1,4
CTCATTTGATGGGCGG-1,1
CTCCCAATGAGTCGCG-1,9
CTCCCTCCTTTCGATC-1,8
CTCCGCCCACATGAGG-1,5
CTCCGGCCTAATATGC-1,1
CTCCGGCTTGTAGACA-1,2
CTCCTAAGTTATGTCT-1,2
CTCCTCCAGCTCACAC-1,3
CTCCTGTTCAAGGCAG-1,2
CTCCTTTACGCAAGTC-1,7
CTCGAATGGAACGTAT-1,2
CTCGAGATCCAAAGCA-1,2
CTCGAGGCAAGTTTCA-1,3
CTCGAGGTCGAACAGT-1,5
CTCGATATTTGCGAGC-1,7
CTCGCACCTATATAGT-1,1
CTCGCATTGCATAGCC-1,3
CTCGCCGAATGTAGGG-1,1
CTCGCTAGGTAAGCGA-1,6
CTCGGGCATCGTCGGG-1,2
CTCGGGTTCTCTGGCC-1,3
CTCGGTACCACTGCTC-1,1
CTCGGTCCGTAGCCTG-1,1
CTCGGTTGTCGGCCCT-1,3
CTCGTCGAGGGCTCAT-1,3
CTCGTCTGTGCCTTCG-1,6
CTCGTTACGGCTACCA-1,3
CTCGTTTCTAATGTTT-1,7
CTCTAATGCATTGATC-1,7
CTCTACACTGGCGATT-1,8
CTCTACATCCTGCGTG-1,3
CTCTAGCCCTCGGAAA-1,6
CTCTATTTGGCTGCAG-1,1
CTCTCACAATCGATGA-1,5
CTCTCGATGTGCGCCT-1,1
CTCTCTAACTGCCTAG-1,3
CTCTGCAGGCATTCTT-1,3
CTCTGCGAAGCAAGCA-1,1
CTCTGGACGCCTGGTG-1,5
CTCTGTGCCTGCTATG-1,2
CTCTGTTTGAGGATTC-1,7
CTCTTCTATTGACTGG-1,9
CTCTTCTGGAAGTTAG-1,3
CTCTTGTCCCGCTTGG-1,1
CTGAAACGGCCCTCAG-1,1
CTGAAAGAGATCCGAC-1,7
CTGAATTTATTGCCAG-1,7
CTGACTGCGCAGCTCG-1,2
CTGAGAAAGTTCGGCG-1,8
CTGAGCAAGTAACAAG-1,4
CTGATAGTGTATCTCA-1,8
CTGCAAATGGGCTCCA-1,2
CTGCAAGCACGTTCCG-1,6
CTGCACAACTACATAT-1,4
CTGCACCTAGTCCACA-1,2
CTGCACCTGGAACCGC-1,1
CTGCACTCCAGTACAG-1,2
CTGCAGAGAATCAGAG-1,6
CTGCCAAGGTTGGAAG-1,7
CTGCCATGCATCACAT-1,1
CTGCCTAGCCACCAAG-1,7
CTGCCTTTAATACCTT-1,3
CTGCCTTTCTAGTAAA-1,6
CTGCGACCTCGCCGAA-1,3
CTGCGATTTCGAGATT-1,3
CTGCGGGTGAAATGTT-1,5
CTGCGGTAGTCACGTG-1,9
CTGCGTTACGATATAA-1,8
CTGCTGAGGCCACGAA-1,9
CTGCTTGGCGATAGCT-1,5
CTGCTTTATGTCCGCG-1,7
CTGGAAATGGATGCTT-1,5
CTGGAAGACACGGTGG-1,6
CTGGACGCAGTCCGGC-1,9
CTGGCATCCGAATGAG-1,8
CTGGCGACATAAGTCC-1,7
CTGGCGATTTACATGT-1,6
CTGGCGCACAGGTCTG-1,1
CTGGCGGGAATAAGTA-1,4
CTGGCTCCTGCGGGAT-1,2
CTGGCTGATTCATCCT-1,1
CTGGCTGCTAACGTAA-1,2
CTGGCTGGTTGTCAGT-1,1
CTGGGATAAATAATGG-1,1
CTGGGATACGCTACCC-1,8
CTGGGATCGCCCAGAT-1,2
CTGGGCACTAGTCGGA-1,7
CTGGGCCTGCTATATC-1,5
CTGGGCGGCCAAATGT-1,2
CTGGGCTATCCTTTGG-1,7
CTGGGTAGGCAGTTAA-1,1
CTGGGTTGAGTTAAAG-1,9
CTGGTAAAGACTTACA-1,6
CTGGTAAAGTGTGGGC-1,4
CTGGTAACACATAGAA-1,1
CTGGTAACGAGCTCTT-1,8
CTGGTCATTCCAATCC-1,7
CTGGTCCTAACTTGGC-1,7
CTGGTGAATGGGCCTA-1,3
CTGGTTCAACGCATCA-1,2
CTGGTTTCGAGCAAGA-1,1
CTGTACTTCTTAGCAT-1,5
CTGTAGCCATCTCACT-1,1
CTGTAGTGAGGATCGA-1,3
CTGTATGGTGTAGAAA-1,4
CTGTCAAATGGCTCGG-1,1
CTGTCACGCCAGGCGC-1,4
CTGTGGTCGGGAGATA-1,6
CTGTTCACTGCCTGTG-1,1
CTGTTCATCTCACGGG-1,1
CTGTTGTTCAGTCGTA-1,3
CTTAACTTACAGTATA-1,6
CTTAACTTCGAAGTAC-1,1
CTTACACGGTATTCCA-1,5
CTTACACTGGGAAATA-1,2
CTTAGCCTTCCACATG-1,7
CTTAGGTATAGACCAG-1,3
CTTAGTAGGCCTACAG-1,2
CTTAGTGTAGTAGCAT-1,6
CTTAGTTGAGGAATCG-1,3
CTTATGCGCTCAGGGC-1,9
CTTATGTTGACTACCA-1,4
CTTCAACTCCACTTGG-1,5
CTTCACGCCCTGGTAC-1,3
CTTCAGTGGTCGCCTA-1,9
CTTCAGTTGGACAACG-1,6
CTTCATAGCTCAAGAA-1,4
CTTCATTGTCAGTGGA-1,5
CTTCCGCTCCGTGAAG-1,1
CTTCCTGCATATTTAC-1,7
CTTCGATTGCGCAAGC-1,6
CTTCGGCCAATTGTTT-1,9
CTTCGTAGATAGGTGA-1,5
CTTCGTGCCCGCATCG-1,2
CTTCTATGTTGAAGTA-1,8
CTTCTGGGCGTACCTA-1,3
CTTCTTACGTCGTATA-1,1
CTTGACCCGAAAGATA-1,1
CTTGAGGTTATCCCGA-1,2
CTTGAGTTAGGGTAAT-1,1
CTTGATGACCATCCAG-1,6
CTTGCAACCGCCTCCT-1,4
CTTGCCCACCCACGCA-1,6
CTTGCCCAGGCTCTAC-1,5
CTTGGCCAAGCTGGGA-1,2
CTTGTACTTGTTGACT-1,1
CTTGTCAACATTCGAG-1,1
CTTGTCGTACGTGTCA-1,4
CTTGTGAGGACAGCGG-1,4
CTTGTGAGTCTTTGAC-1,2
CTTGTGCTCACCGATT-1,7
CTTGTTGCTGAGTCAA-1,1
CTTGTTTATGTAGCCA-1,2
CTTTAACTTTCAAAGG-1,1
CTTTAATATTGGTCGA-1,2
CTTTACCGAATAGTAG-1,6
CTTTAGGAACACTGTT-1,1
CTTTAGTGCTATTATT-1,1
CTTTCTGTGCGGGCTT-1,1
CTTTGAAACATATTCC-1,1
CTTTGCATCGCTCTTG-1,6
CTTTGGCAGACAGAGT-1,7
CTTTGGCGCTTTATAC-1,8
CTTTGGCTTTAGTAAA-1,5
CTTTGGGATTGTTGCA-1,3
GAAACAGATGACCACC-1,1
GAAACAGCCATGCAGT-1,2
GAAACATAGGAAACAG-1,3
GAAACCATGGTGCGCT-1,2
GAAACCGAATTACCTT-1,4
GAAACCTATACAAATG-1,3
GAAACTCGTGCGATGC-1,5
GAAACTCTAATGAAGG-1,7
GAAAGAACAGCGTTAT-1,2
GAAAGCAGTGCACTTT-1,1
GAAAGCCCTTTGGACC-1,5
GAAAGTGACTAACTGC-1,5
GAAATACCTGCTGGCT-1,7
GAAATACTAAACGTTT-1,2
GAAATATCACCATCAG-1,5
GAAATATGCTTGAATG-1,4
GAAATCGCGCGCAACT-1,1
GAAATGGCGGTGTTAG-1,5
GAAATGGGATGTAAAC-1,4
GAAATTAGCACGGATA-1,8
GAAATTCACATCGCTG-1,2
GAAATTGTCTCTATAA-1,5
GAACAACTGGGATGAA-1,6
GAACACACATCAACCA-1,2
GAACAGATTACTAAAT-1,5
GAACCATCTGGGAGAC-1,2
GAACCCTCTGTGTTCT-1,1
GAACCTCGACCTACAC-1,8
GAACCTTTAACGATCC-1,6
GAACGACCGAATGATA-1,1
GAACGCGGGTCACACG-1,9
GAACGGTGTAAAGCAG-1,7
GAACGTCTCATGGTCG-1,1
GAACGTTAGGAAGACG-1,8
GAACTGTGGAGAGACA-1,1
GAACTTAGCGCCCGGT-1,2
GAAGAAACGATATTGT-1,3
GAAGAACGGTGCAGGT-1,2
GAAGACTTCAATGCCG-1,2
GAAGCAAGGCAATGTT-1,5
GAAGCCACTGATTATG-1,6
GAAGCCTGCACATTCC-1,1
GAAGCGTGAGGAATTT-1,5
GAAGCTCGGACCCGTC-1,3
GAAGCTTGCTGACCGC-1,4
GAAGGACTAAATTGAA-1,2
GAAGGAGTCGAGTGCG-1,1
GAAGGCTACCATTGTT-1,8
GAAGGGCATAACCATG-1,4
GAAGGGTCATTAAGAC-1,6
GAAGTCAGTTGCACTA-1,1
GAAGTCTCCCTAGCGA-1,1
GAAGTGATTTATCGTG-1,5
GAAGTGCTGGATAGCT-1,1
GAAGTTTCCACTCAAT-1,5
GAATAGACGCGACCCA-1,1
GAATAGCATTTAGGGT-1,9
GAATAGCCCTGCGGTC-1,8
GAATAGTGCTCGATTA-1,3
GAATATTCGGAGTCCC-1,1
GAATCGACATGGTCAC-1,5
GAATCGCCGGACACGG-1,2
GAATCTATACTCGGAC-1,2
GAATCTGAACATTCTC-1,1
GAATGAAGGTCTTCAG-1,8
GAATGCCGAAATGACC-1,8
GAATGCGAATCGGTTC-1,6
GAATGTATGGCAGGTC-1,8
GAATGTGGTCCGGATT-1,3
GAATGTTGGGTAATCT-1,2
GAATTATAGTGAAAGG-1,5
GAATTTCTCGCTGCAG-1,2
GACAAACATATGCAGG-1,2
GACAACGACCATTGAA-1,1
GACAACGCAGCTTACG-1,1
GACAAGAGATGAGATT-1,2
GACACAAGGGAAGAAA-1,5
GACACAGCCGGGACTG-1,6
GACACGAGTTAGAGGA-1,2
GACACTGAGTTCAGTG-1,5
GACACTGGAACCCGAT-1,4
GACACTTCCAATTACC-1,6
GACAGATTTCTGGCTC-1,9
GACAGCCAGACCTGAC-1,1
GACAGGCACACACTAT-1,5
GACATCCGTCGAACTG-1,6
GACATTTCGCCCAGCC-1,3
GACCAAACGTTGACTG-1,4
GACCACACTTCCCTTT-1,6
GACCAGAGCCCTGTAG-1,5
GACCAGGTCATTCATA-1,2
GACCCAATTATGATAC-1,3
GACCCGTCGCCGGCTA-1,1
GACCGACCGCTAATAT-1,4
GACCGACGTGAAAGCA-1,2
GACCGACTGAAGCGTC-1,5
GACCGATTAAATATGT-1,3
GACCGCGTCTGACGTG-1,9
GACCGTCAGGTCGTGA-1,1
GACCGTGCTGACGGTG-1,5
GACCTTCCACGTCTAC-1,6
GACGACGATCCGCGTT-1,2
GACGACTTTCCAAGAA-1,4
GACGAGGCTAATAAAC-1,4
GACGATATCACTGGGT-1,3
GACGCCGTAAAGGCTA-1,1
GACGCCTGTTGCAGGG-1,2
GACGCTTGCTTCTAAA-1,5
GACGGACCGCGTTCCT-1,2
GACGGGATGTCTTATG-1,2
GACGGGTTGGCCCGTA-1,3
GACGGTCAATAGAAGC-1,2
GACGTGAGACTCCATG-1,2
GACGTGTAGGGATTAT-1,7
GACGTTCGTAAATACA-1,8
GACTAACACAGCACCT-1,9
GACTAAGATCATGCAC-1,2
GACTAAGTAGGCTCAC-1,4
GACTACAAAGCGGTGG-1,4
GACTACAATTGCTCGT-1,7
GACTAGGCCGTTAGGT-1,6
GACTCACCCACGTGAG-1,2
GACTCCCAGAATAAGG-1,4
GACTCCTTCCAATTGA-1,4
GACTCGCGGGAATGAC-1,7
GACTCGGTCGGCGGAT-1,9
GACTGATTGGTCACAA-1,5
GACTGCAAATCGAGCT-1,4
GACTGCACCAGCCCAG-1,9
GACTGCGGCACGTGTA-1,8
GACTGCTGGTGAGAAA-1,3
GACTGGGCGCCGCAAC-1,9
GAGAACGGTTCTGACT-1,6
GAGACCCTGCAACGCC-1,4
GAGACTGATGGGTAGA-1,5
GAGACTTCGCGACCGA-1,1
GAGAGGCCTATGTGTA-1,6
GAGAGGGCGCGAGGTT-1,5
GAGAGGTGCATTCTGG-1,5
GAGAGTCTCGGGAGAG-1,3
GAGATCTGCTTGGCAT-1,5
GAGATCTGTCACTCCG-1,2
GAGATCTTCCATGACA-1,1
GAGATGACAATCCTTA-1,7
GAGATGGCTTTAATCA-1,6
GAGATGGGAGTCGACA-1,2
GAGCACCTGTGTCCAG-1,4
GAGCATCAACAACTTG-1,3
GAGCATCATCCCTGGG-1,2
GAGCCACGGTAGTAGG-1,1
GAGCCAGCTACCTGTG-1,6
GAGCCGAGCGTTTATT-1,4
GAGCGAGGGAGTACCG-1,2
GAGCGCAAATACTCCG-1,4
GAGCGCGCACGAGTAG-1,6
GAGCGCTATGTCAGGC-1,4
GAGCGCTGTTAGGTAA-1,3
GAGCGGAATGCGGTGT-1,3
GAGCTAAGGGCATATC-1,1
GAGCTCAACATGAGCG-1,3
GAGCTCTCGGACCTAA-1,2
GAGCTGTCGTCTCGGA-1,8
GAGGAATATCTCTTTG-1,3
GAGGAATGGAGAGGTT-1,5
GAGGAGTAATTCCTAC-1,2
GAGGATAAACAGTGCT-1,9
GAGGCATTTGCAGCAG-1,8
GAGGCCCGACTCCGCA-1,3
GAGGCCTGTTGATACA-1,6
GAGGCTATCAAAGTCG-1,5
GAGGGAGTCAGATCGC-1,3
GAGGGCATCGCGTATC-1,2
GAGGGCGCAGCTCTGC-1,1
GAGGGTAGTAACAAAG-1,3
GAGGTACATCCATCTT-1,1
GAGGTACGCGTGTCCC-1,1
GAGGTCCCAAAGATCT-1,2
GAGGTCTTAGTGGGTC-1,1
GAGTAAACCGGAAAGT-1,9
GAGTAAGGCCACGGGA-1,4
GAGTACGGGTATACAA-1,4
GAGTAGATACTAGTTG-1,1
GAGTATACCCTAATCA-1,3
GAGTATGCGCGTGCAT-1,6
GAGTCAGACCAGAATC-1,1
GAGTGTCAACCAGAAA-1,6
GAGTGTGCGGTACCCA-1,7
GAGTTGATGGCAATTT-1,8
GAGTTGTCACCAGTCT-1,3
GATAAATCGGTGGATG-1,5
GATAACTCGCACTGTG-1,1
GATAAGGCAGATGCAA-1,2
GATACGATGGGAGTCA-1,5
GATAGAACCCGCTAGG-1,3
GATAGATAGTACAGTC-1,6
GATAGTGCGAGTAAGT-1,3
GATATCTCATGCAATA-1,2
GATATGAGACACTAAC-1,1
GATATGCGGTAGCCAA-1,7
GATATGGATTACGCGG-1,9
GATATTGAGATTGGCG-1,2
GATATTTCCTACATGG-1,7
GATCAACATAAAGGGA-1,3
GATCATTCCAAACATT-1,5
GATCCCTTTATACTGC-1,2
GATCCGGGAATTAACA-1,1
GATCCTAAATCGGGAC-1,7
GATCCTCGACACTGGC-1,8
GATCCTCTTGCGCTTA-1,7
GATCGACACTATCTGA-1,4
GATCGCGGGCTCTCCA-1,5
GATCGCTACCCGATTT-1,4
GATCGCTATATCTCAG-1,3
GATCGCTGTGGTGCGT-1,3
GATCGGATAGAACCAT-1,8
GATCGGCGATAAGTCG-1,8
GATCGGTGGCCATAAC-1,2
GATCGTGACTGATATC-1,1
GATCTCGACGCTGTGG-1,7
GATCTGCTATCTAAGG-1,2
GATCTTTGCAGGGTAT-1,5
GATGACAAGTAGGGCA-1,3
GATGACGATGATCGCG-1,8
GATGAGGAACCTTCGG-1,6
GATGATTTGAAACTGG-1,4
GATGCCACACTACAGC-1,4
GATGCCAGCAGAAGGC-1,8
GATGCCTTCTGCGGCA-1,3
GATGCGAATGGTATTA-1,8
GATGCGTCCTGCATTC-1,5
GATGCTACAAGCGCCT-1,1
GATGCTACCTTCGATG-1,3
GATGGCGCACACATTA-1,2
GATGGTGAAATAACCC-1,1
GATGGTGCCCTAGGCA-1,7
GATGTAACGAACCACC-1,8
GATGTCCGGATCACAT-1,2
GATGTCGGTCAACTGC-1,7
GATGTGTTGTCACAAG-1,1
GATGTTCAATCCACGA-1,4
GATGTTTGTGCGAGAT-1,4
GATTAACCGAAAGCCC-1,6
GATTAATCCTGGCTCA-1,2
GATTACTGAATTTGGG-1,5
GATTCCCTTGTCGCAG-1,2
GATTCCGCGTTTCCGT-1,7
GATTCCTATACGGCGC-1,4
GATTGACACTCTGCTC-1,1
GATTGCTCCAGTTGCA-1,3
GATTGGGAAAGGTTGT-1,6
GCAAACCCTACATTAT-1,9
GCAAACCTTGGCCATA-1,1
GCAAACGTCGCCAGGT-1,9
GCAAAGGGCGTTAGCC-1,3
GCAAATATTACGCTTT-1,5
GCAACACACTAGAACT-1,9
GCAACAGCAGTATGCG-1,4
GCAACCACCAGACCGG-1,8
GCAACCACGGCCGCGT-1,5
GCAACGGCTAGTTATG-1,9
GCAAGAATTCCTTGGC-1,5
GCAAGATGTGTTCGCG-1,4
GCAAGTGCACAGAGAA-1,5
GCAAGTGTAAAGCATG-1,3
GCACAAACCCTAGATG-1,3
GCACAAACGAGGCGTG-1,9
GCACAACCTCGGGCGT-1,3
GCACAAGTGTCGGAAG-1,1
GCACACACTGGTAGCC-1,6
GCACACAGCTATTACC-1,3
GCACACGCCCATGGTC-1,8
GCACAGCACGGGCCGA-1,3
GCACCTAGGCGAGTCC-1,6
GCACGCCGATTCCCGC-1,1
GCACGTGGTTTACTTA-1,6
GCACTAGTCGCGCTAT-1,2
GCACTCCCACAGTCCC-1,2
GCACTGCCTACCTTTA-1,6
GCACTGTGCAAATGTA-1,2
GCAGACCCAGCACGTA-1,2
GCAGATCCATAAGACT-1,6
GCAGATCCTCGCAAAT-1,8
GCAGATTAGGGATATC-1,5
GCAGCACACAGCCCAG-1,5
GCAGCCTATATCACAT-1,5
GCAGCGGTGGGCATTA-1,2
GCAGCTATGGACAGGT-1,4
GCAGCTGTCAACGCAT-1,6
GCAGGAACTTAGATCT-1,9
GCAGGACTATAGAATA-1,5
GCAGGTAGAGTATGGT-1,8
GCAGTGTGGCTATAGG-1,6
GCAGTTCGATCCGAGC-1,4
GCATACGAGGTCTTTA-1,8
GCATAGAGCACTCAGG-1,5
GCATCCCTAACTTTGA-1,2
GCATCGGCCGTGTAGG-1,7
GCATGAGGGACGCGGC-1,1
GCATGCTAATAACGAT-1,6
GCATTCAAGGCAACGC-1,2
GCATTCGAAATGAACA-1,8
GCATTGTAATTCATAT-1,4
GCATTTCCAAGGCTCC-1,2
GCCAACCATTTCCGGA-1,1
GCCAAGAATACTTCTG-1,9
GCCAATAGGGCATCTC-1,7
GCCACAATTTAAGGAC-1,5
GCCACTCAGAGCGCGA-1,6
GCCAGGAAAGAACACT-1,3
GCCAGGAGTAACCGAT-1,7
GCCAGGCGTTCGCATG-1,9
GCCATATTGCACACAG-1,7
GCCATCGATGCTGCAT-1,2
GCCATTAGCCTCAAAC-1,3
GCCCACCAAGGCTGTC-1,2
GCCCAGTTGGTATGCC-1,1
GCCCATGGGTGCAATG-1,1
GCCCGACTTCTTCCCG-1,9
GCCCGAGAGTCTAAAT-1,3
GCCCGATCTGTGGTCG-1,2
GCCCGCGCGTTTGACA-1,1
GCCCGTAATACCTTCT-1,1
GCCCTAGCCGTCGCGA-1,3
GCCCTGAGGATGGGCT-1,6
GCCGAAATTCCTACGT-1,5
GCCGACCCACGACTGC-1,3
GCCGATTGGCCAAGCT-1,5
GCCGCATTAGTCCGGC-1,8
GCCGCTAGATACGCAG-1,7
GCCGCTTGTGAGAAAC-1,5
GCCGGAAACACATCTT-1,2
GCCGGGTTAGGGTCGC-1,5
GCCGGTCGTATCTCTC-1,3
GCCGGTTTGGGCGGAT-1,2
GCCGTCGGTTTCGGGC-1,3
GCCGTGGAAGAAATGT-1,8
GCCTACGTTCTGTGCA-1,6
GCCTAGCGATCTGACC-1,1
GCCTATAGTGTCAGGG-1,7
GCCTATGCTGGGCCTT-1,8
GCCTATTCCGATATAG-1,4
GCCTATTTGCTACACA-1,2
GCCTCATCTGGAAATA-1,2
GCCTCCGACAATTCAC-1,6
GCCTCTATACATAGCA-1,4
GCCTGCTACACTGAGA-1,9
GCCTTCAGCCCTACCG-1,1
GCCTTGTATATGCAGT-1,4
GCCTTTGTCAGTGGAC-1,3
GCGAAACGATCGGGAG-1,4
GCGAAACTTAACTGGA-1,8
GCGAAGAATCTGACGG-1,6
GCGAAGCCATACCCGT-1,5
GCGACATGTAAACATC-1,2
GCGACCCAACCATCTG-1,3
GCGACGGTAGTCTCCT-1,3
GCGAGAAACGGGAGTT-1,2
GCGAGAGGCCATGTAA-1,7
GCGAGAGTTGCGTCCA-1,2
GCGAGCGCATGCTCCC-1,2
GCGAGGCCCGAGCAGA-1,5
GCGAGTTCTGCAAAGA-1,4
GCGATTCTGGAAGCAG-1,7
GCGATTGTTAACGTTA-1,1
GCGCAAATATATTCAA-1,3
GCGCAAGAGCGCGCTG-1,2
GCGCATCCAGTCAGCA-1,7
GCGCCGTTCCACGATA-1,1
GCGCCTCCCACTCCGA-1,9
GCGCGATGGGTCAAGT-1,2
GCGCGGTCTAGTAACT-1,1
GCGCGTCATTGGTACA-1,4
GCGCTAAGTATGCATG-1,7
GCGCTAATTGAATAGA-1,5
GCGCTATGCCGAGGCA-1,5
GCGCTGATCCAGACTC-1,4
GCGCTGCTTTGCATTT-1,7
GCGCTTAAATAATTGG-1,6
GCGGAGAAACTTCGCA-1,3
GCGGAGAGGGAGAACG-1,8
GCGGCAAAGTATTGCC-1,3
GCGGCTCTGACGTACC-1,5
GCGGCTTTAGCAAGTT-1,6
GCGGGAACCAGGCCCT-1,1
GCGGGCATTACGATGC-1,2
GCGGTAACCCAAATGA-1,5
GCGGTCCCGGTGAAGG-1,8
GCGGTCCCTAGACGCA-1,1
GCGGTCTTGCTTTCAC-1,6
GCGGTGAACTGCGCTC-1,7
GCGGTTCCCTATCATG-1,1
GCGTAAATGGCCATAA-1,2
GCGTCCAGCTCGTGGC-1,2
GCGTCCCTAAGACATA-1,3
GCGTCGAAATGTCGGT-1,1
GCGTCGCCAGGGTGAT-1,1
GCGTCTCTGCATTGGG-1,5
GCGTGGTACTGGGTTA-1,2
GCGTGTATGTCGTATT-1,1
GCGTTCGGAGACCGGG-1,8
GCTAAACCTGAGGTGA-1,9
GCTAACTGAAGTCTGA-1,6
GCTAAGTAAAGGCGAT-1,8
GCTAAGTAGTTTCTCT-1,1
GCTAATACCGAATGCC-1,2
GCTACAATCGAGGATA-1,6
GCTACACTGTCCGAAC-1,2
GCTACAGTACGGACCG-1,8
GCTACTATAGTAGAGT-1,6
GCTAGACCGTCTACTG-1,4
GCTAGAGTAGAGATGT-1,6
GCTAGCAGGGAGTGGG-1,8
GCTAGCGATAGGTCTT-1,3
GCTAGGCACCACGGAG-1,6
GCTAGTAGAGCTTGTA-1,1
GCTAGTTTCATTGAGG-1,4
GCTATACGTCTCGGAC-1,6
GCTATCATACTCATGG-1,4
GCTATCGCGGCGCAAC-1,4
GCTCAATGTAATACCG-1,2
GCTCATTACTGCATGT-1,8
GCTCCATGCAAAGCAA-1,3
GCTCCCAGTCGGTCCA-1,5
GCTCCGCTCGCTTCAG-1,9
GCTCCGGACGTTGATA-1,7
GCTCCTGACATACTGG-1,3
GCTCGACCGAACTGAA-1,7
GCTCGCGGTTCCGCTC-1,7
GCTCGCTCATGTCCAA-1,2
GCTCGGAATTTAAAGC-1,1
GCTCTAAACCCTGACG-1,2
GCTCTATGTTACGTGC-1,4
GCTCTCGGGTACCGAA-1,2
GCTCTTTCCGCTAGTG-1,3
GCTGAATCTTCCAATC-1,3
GCTGAGGCGTGAGTAT-1,1
GCTGCTAAGTAGTCGA-1,2
GCTGCTACTGCGTAGC-1,4
GCTGCTCTCCGGACAC-1,5
GCTGGACCCAAAGTGG-1,4
GCTGGCATATTCACCT-1,5
GCTGGCGGCGCATGCT-1,1
GCTGGGTCCGCTGTTA-1,2
GCTGGTGACTCGTAGT-1,4
GCTGGTTTAGGCCATA-1,3
GCTGTATTACTGGCCC-1,5
GCTGTCTGTGATCGAC-1,7
GCTGTTGCTACCGAAC-1,1
GCTTAATGTAACTAAC-1,1
GCTTACGTAGTTAGTA-1,2
GCTTATGAAGCAGGAA-1,1
GCTTCAGTGGGATTAC-1,1
GCTTCCAGCTTAGATT-1,2
GCTTCCATGTAACCGC-1,6
GCTTCCGTCCCTAGAC-1,1
GCTTCGACGTTCAATC-1,3
GCTTGAGTGACCTCTG-1,6
GCTTGATGATAATCAG-1,2
GCTTGCAGCACAATTG-1,7
GCTTGGATCGATTAGG-1,2
GCTTTACACAACTGGG-1,6
GCTTTCAGAGGAGGTG-1,2
GCTTTCTATCTCAACT-1,7
GGAAACCTTGTTGAAT-1,8
GGAAACTAAATGGGCC-1,6
GGAAAGGGAATTGAGC-1,3
GGAAAGTGCCCATGCC-1,7
GGAACCTTGACTCTGC-1,3
GGAACGGCCTGCAGCC-1,8
GGAACTTTGGCGATTA-1,6
GGAAGCTCGCTTACAG-1,7
GGAAGGACACCGTATA-1,6
GGAATAACCTCAAGAA-1,1
GGAATGCGCTAGCGTG-1,1
GGACAACCATGAAGCC-1,6
GGACACAAGTTTACAC-1,9
GGACCAACAGGATAAC-1,1
GGACCTACGGTAACGT-1,4
GGACCTCTAGGCCGCC-1,3
GGACGGCTTGCGCAAC-1,4
GGACGGGCGACCAACC-1,6
GGACGTCCATAGTTGG-1,8
GGACTCGACAGCGCAT-1,3
GGACTCGTGAGTGGTC-1,3
GGACTCTTTGACTAAG-1,6
GGAGAAGTCATTGGCA-1,2
GGAGACCAATGTGCTT-1,7
GGAGACCATCTACATA-1,9
GGAGACGACACCTTTG-1,7
GGAGCAACATTTCAAG-1,6
GGAGCACCAAGAACTA-1,1
GGAGCGAGGCCTACTT-1,6
GGAGGATTGAAAGGAG-1,1
GGAGGCCGAAGTCGTC-1,9
GGAGGCGAAGAACCGC-1,7
GGAGGGCTTGGTTGGC-1,4
GGAGGGTCAAGTAAGA-1,4
GGAGTGCCGCCCTGGA-1,1
GGAGTTGATTCTGTGT-1,6
GGATACTCATGAATTG-1,2
GGATCAAAGGACGAGG-1,5
GGATCATCCCGTACGC-1,8
GGATCCCTACCAGCTA-1,9
GGATCCGGAATATACT-1,3
GGATCTTACTGCCCTT-1,3
GGATCTTGACTCAACC-1,9
GGATGAAGATCGCTGA-1,2
GGATGACGCGAGTTTA-1,5
GGATGCTGGCGTTCCT-1,8
GGATGGCTTGAAGTAT-1,6
GGATGTCCTTACCGCA-1,1
GGATTAAGCTAAGGTC-1,7
GGATTAATCATGGACC-1,1
GGATTCAGTACGGTGG-1,4
GGATTCCGCTATACCC-1,7
GGATTGCTGTGACTCC-1,6
GGATTTCACTTCTATA-1,1
GGCAAAGGCGCCAATA-1,3
GGCAAATTACTTTACT-1,5
GGCAAGCCCATAGTGG-1,1
GGCAATAGTCAATGAG-1,2
GGCACGCTGCTACAGT-1,6
GGCACTCCACTGGGCA-1,5
GGCACTGCGGTGGTTT-1,6
GGCAGCAAACCTATGC-1,4
GGCAGCGGTAATCCTA-1,8
GGCATACAGGTAGCGG-1,5
GGCATATCGGTTCTGC-1,1
GGCATCAACGAGCACG-1,2
GGCCACAAGCGATGGC-1,2
GGCCCAATCTAGAGGG-1,1
GGCCCAGCTGGTTTGC-1,6
GGCCCAGTTATCAGCA-1,4
GGCCCGTATACCATGC-1,8
GGCCCTCACCCACTTA-1,5
GGCCGAGACTCTGGTG-1,3
GGCCGCAGGAACCGCA-1,6
GGCCGGCGTCTGCTAT-1,6
GGCCGTTTGGGTTTCA-1,3
GGCCTGCTCTGATGTT-1,3
GGCCTGCTTCTCCCGA-1,4
GGCCTTTGCAACTGGC-1,8
GGCGAAATCTAACTTG-1,1
GGCGAGCATCGAGGAC-1,4
GGCGAGCGAAACGGCA-1,9
GGCGCAGGACATCTTC-1,5
GGCGCATGAATTGATG-1,5
GGCGCGGAGATCTTTC-1,6
GGCGCTCCTCATCAAT-1,2
GGCGCTTCATTCCCTG-1,6
GGCGGAGTAATATTAG-1,4
GGCGGTAGGATCATTG-1,5
GGCGGTTTGCCGGTGC-1,4
GGCGTACCCTATATAA-1,2
GGCGTAGGGAAAGCTG-1,6
GGCGTCCTATCCGCTG-1,5
GGCTAAAGGGCGGGTC-1,7
GGCTAATGATTGAAAT-1,4
GGCTACTATACACTCC-1,3
GGCTATTAAGTTGTAT-1,5
GGCTCCTCCACCTGTT-1,3
GGCTCGCGTTGAGGTA-1,7
GGCTCGTGCCACCAGC-1,4
GGCTCTGCTCCAACGC-1,1
GGCTGAAATAGCAAAG-1,9
GGCTGAGCATCGTAAG-1,4
GGCTGGCTAGCTTAAA-1,2
GGCTTTCAATAAGGGT-1,9
GGGAAAGAATGCCAAC-1,6
GGGAACCACCTGTTTC-1,4
GGGAACGGGAGGTTAG-1,5
GGGAACGGTTTCAGAT-1,3
GGGAAGACGGTCTGTC-1,6
GGGAAGGGCTTTCTCA-1,6
GGGAATGAGCCCTCAC-1,8
GGGACAGAGTTACTCC-1,3
GGGACCCGTATATCTT-1,1
GGGACTGCATAGATAG-1,5
GGGAGAACTCACAGTA-1,5
GGGAGCGACCGTAGTG-1,6
GGGAGGATGCCCGAAA-1,5
GGGAGTAATGGCTGGC-1,1
GGGAGTTAATGAGGCG-1,4
GGGATCCCAATACAAA-1,7
GGGATGGTCGTAACCG-1,8
GGGATTTACCGCACCT-1,1
GGGCAACCGCACGTGC-1,3
GGGCACGTAGTACTGT-1,3
GGGCAGAGCAATCGTT-1,2
GGGCAGTCAACGCCAA-1,6
GGGCATGCATGTCGAG-1,3
GGGCCATTCGTGCTGG-1,3
GGGCCCGTCTTAAACA-1,5
GGGCCCTACGAAAGGG-1,8
GGGCCGGCCGAAGTAC-1,1
GGGCCTAAATGGGCTA-1,9
GGGCCTATACAACCGG-1,7
GGGCCTATTTAAGTAT-1,4
GGGCGATATGTGTGAA-1,5
GGGCGGGTTCCCTACG-1,5
GGGCGGTCCTATTGTC-1,4
GGGCGTACATTTATAT-1,2
GGGCGTCCACTGGCTC-1,7
GGGCGTGGTTTCCCAG-1,6
GGGCGTTTACATTCAT-1,3
GGGCTATGATCGATGG-1,1
GGGCTCATCGAACCCA-1,7
GGGCTGCCTAGGGCGA-1,5
GGGCTGGTTAGTCGCG-1,5
GGGTAATGCTGTGTTT-1,2
GGGTACCCACGGTCCT-1,2
GGGTACTTCATGAACT-1,5
GGGTATGTATGCACTT-1,5
GGGTATTCTAGCAAAC-1,3
GGGTCACCGTGACGGT-1,5
GGGTCACGTGCTTATG-1,7
GGGTCAGGAGCTAGAT-1,3
GGGTCATGCGTACCAT-1,8
GGGTCCTTGGAAGAAG-1,3
GGGTCGTGGCAAGTGT-1,7
GGGTCTATCGCTTTCC-1,6
GGGTGACACCTTAACT-1,1
GGGTGCATATGAAAGC-1,2
GGGTGGTCCAGCCTGT-1,7
GGGTGTTTCAGCTATG-1,7
GGGTTCAGACGAACAA-1,4
GGGTTTAGGATAGGAT-1,2
GGGTTTCCGGCTTCCA-1,4
GGTAAACTCTGCGCTG-1,6
GGTAAATGTGCGTTAC-1,1
GGTAACCGGGAGGATA-1,3
GGTAACTATGTATCTG-1,1
GGTACAAACATGCTAT-1,5
GGTACACCAGATTTAT-1,8
GGTACATCTGGGACGA-1,8
GGTACCATTAAGACGG-1,2
GGTACGTTGCGGCCGG-1,6
GGTAGAAGACCGCCTG-1,2
GGTAGACCGTTGGGCG-1,1
GGTAGTGCTCGCACCA-1,4
GGTATAGTGACACATA-1,2
GGTATCAAGCATAGAA-1,4
GGTATTGCCGAGTTTA-1,5
GGTCAAGACTACTTCG-1,2
GGTCACGTTAGATTCA-1,2
GGTCAGTGGGTCCCAC-1,1
GGTCATTGTAGTCATA-1,8
GGTCCCATAACATAGA-1,7
GGTCGGATAAACGGCG-1,7
GGTCGGCCAGGAGCTT-1,4
GGTCGGTAATTAGACA-1,2
GGTCGGTCGTCCACAG-1,1
GGTCGTAAGCTCGCAC-1,8
GGTCTCCGTCCAGGTT-1,6
GGTCTGAGAATCTGGA-1,4
GGTCTTGAGCGCTCTT-1,1
GGTGAAACCGGGAATG-1,2
GGTGAACGGGCTAGCC-1,2
GGTGAAGTACAGGGAT-1,4
GGTGAGATGCAGATAA-1,2
GGTGATAAGGAGCAGT-1,3
GGTGATTTCATCTTGT-1,2
GGTGCAGAGCCTATCG-1,4
GGTGCATAAATGATTA-1,3
GGTGCGGATAAGTGGC-1,1
GGTGCTGATCACAAAG-1,5
GGTGCTGGTACACATT-1,5
GGTGGACCACGTGTTA-1,9
GGTGGACTGCTCTGGC-1,6
GGTGTAAATCGATTGT-1,1
GGTGTAGGTAAGTAAA-1,3
GGTGTTCTGTTTCTAC-1,7
GGTTACCACCCTCGGG-1,5
GGTTAGCTATATGTCT-1,9
GGTTAGGCTTGGAGAA-1,5
GGTTAGTTACGGCGCC-1,5
GGTTCCACCCGCTTCT-1,7
GGTTCGATGCTGAGTT-1,7
GGTTCTACTCGTCTGA-1,2
GGTTGTATCGTGAAAT-1,2
GGTTGTGCTCTTGTCC-1,8
GGTTTAATTACCATCG-1,3
GGTTTAATTGAGCAGG-1,8
GGTTTACAATCTCAAT-1,1
GGTTTAGCCTTTCTTG-1,9
GGTTTCAATCGGTCAG-1,7
GGTTTGACAAGAAGCT-1,4
GGTTTGAGTGCTGGAA-1,1
GGTTTGTGACCTGAGG-1,6
GTAACAACTGACCTTG-1,4
GTAACATCAGCTCATC-1,7
GTAACATCTAAGATAA-1,2
GTAACTGCCCAAGGAG-1,3
GTAACTTGCGGCAGTC-1,2
GTAAGCGGGCAGTCAG-1,1
GTAAGGATTTGTCGGA-1,1
GTAAGTAACAGTCTGG-1,1
GTAAGTAGGGTATACC-1,4
GTAATAAAGGGCTCCC-1,2
GTACACTTACCTGAAG-1,5
GTACAGAGGCAAGGGT-1,1
GTACGACGGCGCTGCG-1,4
GTACGAGATTGCGACA-1,1
GTACGCTTCATTGCAC-1,1
GTACGTCACGTATTAA-1,4
GTACTAAGATTTGGAG-1,5
GTACTCCCTTATCGCT-1,4
GTACTCCTGGGTATGC-1,7
GTACTGAGGTCGTAAC-1,1
GTACTGCATGAAGCGT-1,1
GTACTGGAGTTAGACC-1,1
GTACTTGGGCACTTCT-1,9
GTAGAAACGGGTGGAG-1,7
GTAGACAACCGATGAA-1,2
GTAGACACGCCTGACT-1,2
GTAGACGTCGTTACAT-1,2
GTAGAGGGAGACAAGT-1,9
GTAGCCAAACATGGGA-1,1
GTAGCGCTGTTGTAGT-1,4
GTAGCGGCTATACACT-1,1
GTAGCTAGTAAGCGCG-1,1
GTAGCTCCGGGAGGCT-1,3
GTAGCTTCCTCTTGTT-1,1
GTAGGTGATCCGTGTA-1,7
GTAGTCGCGGGAATCA-1,4
GTAGTCTACGATATTG-1,6
GTAGTGAGCAACCTCA-1,6
GTAGTTCGAAGGCGAA-1,3
GTAGTTTAAGCACACG-1,3
GTATAATCTCCCGGAT-1,2
GTATAGGACTCAGTAG-1,1
GTATAGTGGCCCATGT-1,7
GTATATGTTACGGCGG-1,4
GTATCAAACGTTAGCT-1,6
GTATCAAGGTACTTCC-1,3
GTATCAGCTTGGGTTC-1,1
GTATCCTTTGGTAACC-1,6
GTATCGGGACGAGCTG-1,2
GTATCTCAGTCTTGAC-1,3
GTATCTCCCTAACTGT-1,2
GTATCTCGGGCGCTTT-1,3
GTATCTTGTTGCTCAC-1,2
GTATCTTTCATAACCA-1,1
GTATGAAATTTCACTC-1,3
GTATGACGTGGGAAAC-1,2
GTATGTGGGTCTAGTT-1,1
GTATTAAGGCGTCTAA-1,4
GTATTAGGGTTCGCGT-1,7
GTATTCTGAGAAACGA-1,8
GTATTCTTACCGTGCT-1,4
GTCAAAGAAGTGGTGT-1,3
GTCAAAGTTTACATAG-1,4
GTCAACCAGGCCTATA-1,6
GTCAAGCGGACTCGGG-1,1
GTCAATGCTATAATTT-1,7
GTCAATTGTACTGAAG-1,2
GTCACAAAGTTTCCAA-1,1
GTCACCTGTCTATGTC-1,1
GTCACTCTCCAAATCT-1,4
GTCAGAATAGTCTATG-1,9
GTCAGTTGTGCTCGTT-1,7
GTCAGTTTGGTAGTCG-1,8
GTCATCTCCTACAGCT-1,2
GTCATGCACCTCCGTT-1,2
GTCATGCGCGAGGGCT-1,6
GTCATGGACATGACTA-1,2
GTCATTAGAGCGAACG-1,5
GTCATTGCATTGACCC-1,8
GTCCAATATTTAGCCT-1,3
GTCCACGTCGCATTCG-1,6
GTCCAGGCACGTGTGC-1,3
GTCCATTACTGCTACG-1,4
GTCCCAACGTAAAGTA-1,5
GTCCCGCGACGTTATG-1,4
GTCCGGACCTGAAATT-1,6
GTCCGGCTGAATTGCG-1,5
GTCCGGGTTCACATTA-1,6
GTCCTACGAATAGTCT-1,6
GTCCTTCTAGTGGGTT-1,7
GTCCTTTAATGACTTC-1,4
GTCGAATTTGGGCGCT-1,3
GTCGCCGTTGTGTGTT-1,1
GTCGCGTAACCCGTTG-1,1
GTCGGAAGGATACCAG-1,4
GTCGGATATCTCAGAC-1,5
GTCGGATGTAGCGCGC-1,7
GTCGGGAAGCAGAAAC-1,2
GTCGGGTGAAGTACCG-1,6
GTCGTACCATCTCGGG-1,7
GTCGTACCTACGATTG-1,8
GTCGTATTGGCGTACA-1,7
GTCGTCAATTATAAGG-1,1
GTCGTGTCTGGTCATC-1,7
GTCGTTATTCGCTTAT-1,7
GTCTACTCAATTACAA-1,8
GTCTAGTGAGCCGCTT-1,6
GTCTATCTGAGTTTCT-1,5
GTCTATTGCATGCTCG-1,6
GTCTATTGGTTCCGGT-1,6
GTCTCAAGGCCCGGCT-1,1
GTCTCCCGAGTCCCGT-1,6
GTCTCCGCCTCAATAC-1,3
GTCTCCTGCCAGTATG-1,3
GTCTCGACTAAGTTTG-1,7
GTCTCGATCTGCTTTC-1,7
GTCTCGCCAACACGCC-1,2
GTCTGCCGACTCGACG-1,6
GTCTGGGCGGTCGAGA-1,4
GTCTGTAGGTTGAACA-1,3
GTCTTAGTACAGCCGG-1,7
GTCTTGAGGAGCAGTG-1,8
GTCTTGTAGCTATTCA-1,9
GTGAAACGGCGCCACC-1,1
GTGAAACGTGCTCCAC-1,2
GTGAACTCCCATTCGA-1,2
GTGAAGATTTCAAGTG-1,8
GTGAAGCCGTATAGTC-1,7
GTGAAGTCACGACTCG-1,9
GTGACAGCTTCCCACT-1,6
GTGACCGCACACTACG-1,1
GTGACGAGGGTGACCC-1,2
GTGACGCAGGTTTCAT-1,6
GTGACTTCAGTAGTGC-1,1
GTGAGATAACCTTATA-1,3
GTGAGCGTGCTGCACT-1,5
GTGAGGACACTTAAGG-1,3
GTGAGGAGCGGTTGAG-1,1
GTGAGTCGACTAATAG-1,6
GTGAGTCTAAGACGGA-1,8
GTGAGTGGTACAACGC-1,1
GTGATCAAGCGTGCAC-1,3
GTGATCACTAACGCCT-1,9
GTGATCATAGATCTGC-1,5
GTGATCCTTGTCATGA-1,6
GTGATGCACAACATCT-1,8
GTGATTCGCCGCTCAA-1,9
GTGCAACAAATGTGGC-1,1
GTGCACCAGCTTCAAC-1,3
GTGCACGAAAGTGACT-1,7
GTGCCATCACACGGTG-1,5
GTGCCCGTTCGGATTC-1,1
GTGCCGCTTCAAAGGT-1,5
GTGCCTAGCTATGCTT-1,2
GTGCCTCAGTGTACGG-1,1
GTGCCTGAGACCAAAC-1,6
GTGCGAAATCGAACAC-1,5
GTGCGACAGGGAGTGT-1,2
GTGCGCAGCTTGCTCC-1,2
GTGCGCTTACAAATGA-1,4
GTGCGGGACCATCGGC-1,2
GTGCGGGTCTCCAAAT-1,1
GTGCGTGTATATGAGC-1,1
GTGCTCAAGTACTGTC-1,5
GTGCTGCAGATAAGGA-1,8
GTGCTTACATCAGCGC-1,9
GTGGAACCTACATGCG-1,7
GTGGACCAACCCGATT-1,9
GTGGACGCATTTGTCC-1,1
GTGGACGTGCTGAGAC-1,2
GTGGAGCGTTTACCGA-1,3
GTGGCAAACAGCGGCA-1,8
GTGGCCGGTTTCTCGG-1,3
GTGGCGGGCCGTAGCT-1,2
GTGGCGGTCCCAGCGT-1,4
GTGGCGTGCACCAGAG-1,7
GTGGCTGTTTCTGTTC-1,6
GTGGGAACAAACCGGG-1,3
GTGGGAAGACTGAATC-1,9
GTGGGCTTAGACACAC-1,5
GTGGGTCTTCTTTGCG-1,4
GTGGTATAGTCTGCCG-1,3
GTGGTCAGCGAAGTAT-1,1
GTGGTGGCCAAGTGAA-1,1
GTGGTTACTTCTTTCG-1,2
GTGGTTTCCGCCTTTC-1,5
GTGTACCTTGGCTACG-1,1
GTGTATATCAGCGGGC-1,6
GTGTATGACTTTAAAG-1,2
GTGTCAGTGTACGTGG-1,3
GTGTCCGATAAGGCAT-1,1
GTGTCGTATAGCGTTC-1,4
GTGTCGTATTCACCTT-1,4
GTGTGAATAACTTAGG-1,8
GTGTGAGCCGAGGTGC-1,4
GTTAAAGTAGGACTGG-1,6
GTTAACATCACTTAAA-1,4
GTTAACTATGTTGTCA-1,9
GTTAAGGGTGCGATGT-1,1
GTTAAGTTAGAGTGGG-1,4
GTTACAATTGGTGACG-1,5
GTTACCAAGGCGTACG-1,6
GTTACCTACAACTTGC-1,1
GTTACGAAATCCACGC-1,4
GTTACGGCCCGACTGC-1,2
GTTACTTTGGGCCTAG-1,5
GTTAGAGTGTGCCGCT-1,9
GTTAGCCCATGACATC-1,6
GTTAGCCGTAAATCAA-1,2
GTTAGGCTACCCGTTT-1,3
GTTATAATACGGTGAA-1,5
GTTATATCAGGAGCCA-1,7
GTTATCAAGCTATCGA-1,6
GTTATCACCTTCTGAA-1,1
GTTATTAAATACGACC-1,7
GTTATTAACGTGGGAG-1,8
GTTCAATCTATGTCAA-1,7
GTTCACAGGAGTCTAG-1,5
GTTCAGTCGCCAAATG-1,3
GTTCATCGTTTGGCTG-1,4
GTTCCAAGACAGCGAC-1,2
GTTCCAGTCTGACCAT-1,1
GTTCCGTCCGCCTGCA-1,3
GTTCGACAATTGTATA-1,3
GTTCGCCATAAGTGCC-1,5
GTTCGCTGAGACGTCT-1,5
GTTCGGAGCACTCAAC-1,6
GTTCGGATCGGGAACA-1,4
GTTCGGGCGTACCATT-1,2
GTTCGTCTAAAGAACT-1,6
GTTCGTCTGGGTCCCT-1,7
GTTCGTTGCGGACCAG-1,4
GTTCTTCCCTCGATGT-1,1
GTTGAACCGGTTCCAT-1,5
GTTGAGTCCCGCCGGT-1,4
GTTGCACGGAGTTTCG-1,2
GTTGGACCGCATCAGG-1,7
GTTGGATTCAGTGGCT-1,8
GTTGGATTGAGAACAC-1,1
GTTGGATTTGCGTTGG-1,5
GTTGGTCATGCTATCC-1,1
GTTGTAGATTTATGAG-1,3
GTTGTCGTGTTAGTTG-1,1
GTTGTTACATTGCGCT-1,4
GTTTACGTTCCATCTG-1,1
GTTTCAAACGAGTTGT-1,6
GTTTCATATCGTCGCT-1,5
GTTTCCTGGAGGGTGA-1,5
GTTTCTAGAGGCGCGG-1,6
GTTTCTGCAGTCTCCC-1,1
GTTTGACCAAATCCTA-1,5
GTTTGAGCGGTTATGT-1,4
GTTTGGCCCAAGTTAT-1,7
GTTTGGCCGCTCAGCG-1,2
GTTTGGCGTCAGGCAC-1,7
GTTTGGGCTTGTGAGC-1,1
GTTTGGGTTTCGCCCG-1,6
GTTTGGTAGGGTCAAC-1,1
GTTTGGTGATCGGTGC-1,3
TAAACGTCGTCAATGA-1,9
TAAAGAGCCCGAAACC-1,1
TAAAGCGGTATTTCCA-1,3
TAAAGCGTTAGGAGAA-1,1
TAAAGCTGCAATAGGG-1,8
TAAAGGAGAAACTAGT-1,2
TAAAGTGCACGTCTCG-1,3
TAAATCTTTACACCTC-1,7
TAAATGAATCCGTTTC-1,4
TAAATGCCGTCTCATG-1,4
TAAATTTAGTAACACC-1,3
TAACAAAGGGAGAAGC-1,4
TAACAATATTTGTTGC-1,8
TAACAGCGTTTGTGCT-1,3
TAACATACAATGTGGG-1,9
TAACATACACGCGATC-1,3
TAACCGCCCGCAGTGC-1,1
TAACCGTCCAGTTCAT-1,4
TAACCTACCGTCCGAG-1,2
TAACCTAGGGAGTCCA-1,6
TAACGCTTTGAGAGCG-1,5
TAACTATCGAAGGTCC-1,8
TAACTATTACGCCAAA-1,2
TAACTCATCCGCGCGG-1,5
TAACTCCATGGAGGCT-1,2
TAACTGAAATACGCCT-1,3
TAAGAGGGACAGGGAC-1,3
TAAGATTTAGCGGGAG-1,2
TAAGCAGGCGACACGC-1,4
TAAGCCCTTACGACCA-1,4
TAAGCGCGAATCAAAT-1,3
TAAGGAACTTGTGGGA-1,2
TAAGGCAACATAAGAT-1,1
TAAGGCATAACATCAA-1,1
TAAGGCCCGTCACCCT-1,1
TAAGGCTGAATCCCTC-1,9
TAAGGGCCTGTCCGAT-1,6
TAAGGGCTGGGAGAGG-1,4
TAAGTAAATGTGCCGC-1,5
TAAGTAACATCTTGAC-1,4
TAAGTCGCCGAGTATC-1,3
TAAGTGAATAGTCTAC-1,3
TAAGTTGCGACGTAGG-1,6
TAATAAACAAGGAGAT-1,8
TAATACACAGTAGTAT-1,1
TAATACTAGAACAGAC-1,6
TAATAGGTCACCAGAA-1,3
TAATAGTGACGACCAG-1,1
TAATATTGAAATTCGC-1,2
TAATCAGGAATGCTGC-1,7
TAATCGATCCGTACGT-1,7
TAATGAAAGACCCTTG-1,8
TAATTACGTCAGTAGA-1,6
TAATTAGATGGATATG-1,2
TAATTAGGACATCCGT-1,5
TAATTGGAATCGGGAA-1,4
TACAAATTGCGGAGGT-1,2
TACAACGCACAACTCA-1,5
TACAAGCTGTTCACTG-1,2
TACAAGGGCTTCTTTA-1,6
TACAAGTCTCGTGCAT-1,5
TACAATGAAACCAGCA-1,5
TACACAGCCGTGGTGC-1,3
TACACCGTCGTTAGTC-1,8
TACACCTCTTCGAATC-1,6
TACAGAAACGGTGGGC-1,6
TACATAGGCATACACC-1,5
TACATCCCTATCCCTG-1,9
TACATTTCTAACGTGC-1,5
TACCAAATAGCCCAGA-1,2
TACCAATAAAGTACCA-1,6
TACCAGCTAGGTTTAA-1,7
TACCAGGAATCCCGTC-1,3
TACCGAATAATTGTAA-1,6
TACCGCGGACTTGCAG-1,2
TACCGGCTCACTGCCC-1,7
TACCGGTCGTTTCCAT-1,5
TACCGTAGGTTAACTA-1,1
TACCGTGCCTCGGACC-1,1
TACCTACTCCCAGTAT-1,1
TACCTCACGCTTGTAC-1,1
TACCTCAGTTGTCTGT-1,3
TACCTCCACACCAATG-1,3
TACCTGCTGCACTGTG-1,5
TACCTTAAGATTTCCC-1,9
TACGAACACGACTTCA-1,5
TACGACGCTTGCTGCG-1,1
TACGACTGCCTCTTAG-1,1
TACGAGAACTTCACGT-1,5
TACGATCCAAGCCACT-1,7
TACGATGTTGATCATC-1,5
TACGCAGTTCTTTCCT-1,5
TACGCCATATTCTAAT-1,5
TACGCCGAGGGTACCC-1,3
TACGCCTCCATTCCGA-1,1
TACGCTATAGAAACCT-1,4
TACGCTCCTAGAACTG-1,3
TACGCTCGGTATTGGA-1,4
TACGCTGCTGTGTTAA-1,3
TACGGAAGCCAAACCA-1,6
TACGGCATGGACGCTA-1,6
TACGGGATGCTAGCAG-1,1
TACGGGTAATAACATA-1,6
TACGTAAAGCGGAGTG-1,6
TACGTACTAGTGCTGA-1,3
TACGTGCACTATGCTG-1,1
TACGTGGGCCCAGGGC-1,6
TACGTTTACCGGCAAT-1,5
TACTACGTGCAATGCG-1,6
TACTATGGTTCCTCAG-1,3
TACTCCTCTAGTTGAC-1,3
TACTCGGCACGCCGGG-1,8
TACTCGTTTGAATCAA-1,6
TACTCTCCGAACAAAT-1,7
TACTCTTACTTTACTG-1,4
TACTCTTTCGTCTTCA-1,3
TACTGAACAGATTTAG-1,9
TACTGCAATCAATTAC-1,7
TACTGGACAGCTCGGC-1,5
TACTTAAACATGTACA-1,6
TACTTGTTAGTAGTCC-1,1
TACTTTACTGAGCCGG-1,8
TACTTTCCGCACGCCA-1,8
TAGAAACCACTAAGTA-1,1
TAGAAAGGTGGCGCTA-1,4
TAGAAATTCACGTATA-1,8
TAGAATAGCCGATGAA-1,6
TAGAATTAAGGGCAAC-1,7
TAGACGAAACGCCAAT-1,6
TAGACGCCCGTACCGG-1,8
TAGACTACCTAGCGTT-1,2
TAGACTCAGTTGGCCT-1,3
TAGAGATCATGCAACT-1,5
TAGAGCTACGAAGAAC-1,2
TAGAGGTTCTACTTGT-1,6
TAGAGTCTAAGCGAAC-1,5
TAGATCCGAAGTCGCA-1,7
TAGATGGTTCCTTACT-1,6
TAGATTCAAAGTGCGG-1,3
TAGATTCCTGGTTATT-1,5
TAGATTCTCTAGCAAA-1,4
TAGCAACCTGTCACAA-1,9
TAGCAGATACTTAGGG-1,3
TAGCAGTAAATACGCG-1,7
TAGCAGTATGACTAAA-1,6
TAGCCAGAGGGTCCGG-1,4
TAGCCATTTCAAAGTC-1,1
TAGCCGGCGGTCAGCG-1,1
TAGCGTCCCTCGATTG-1,5
TAGCGTCCGGTGTGGT-1,4
TAGCGTTGGGTCTTAC-1,1
TAGCTAAGTCCGGGAG-1,4
TAGCTAGTGATGATGG-1,3
TAGCTCAGATCCTAGT-1,4
TAGCTCGCCTGATAAC-1,1
TAGCTGATGTGAAGCG-1,8
TAGGAACAGCCTCCAG-1,7
TAGGAGGCTCGAGAAC-1,6
TAGGCATGTTACGCCA-1,1
TAGGCCTATATAGTCT-1,6
TAGGCGATGAGGTCTC-1,3
TAGGCGGCTGCAAAGA-1,3
TAGGCTAAAGTGGCAC-1,6
TAGGGAGCTTGGGATG-1,2
TAGGGTGTTTCAAGAG-1,1
TAGGTCCAAGTAAGGA-1,5
TAGGTCGCCGGAACTG-1,2
TAGGTGACGATAACCT-1,6
TAGGTGAGCCCTACTC-1,4
TAGGTGCTCGCCTAGC-1,1
TAGGTGTTCCACAGAT-1,1
TAGGTTCGAGTTCGTC-1,4
TAGGTTCTGCTGAGAA-1,3
TAGTACCACAACTTTC-1,3
TAGTACCTTAGTGGTC-1,8
TAGTAGCTTATACCAG-1,3
TAGTCCCGGAGACCAC-1,3
TAGTCCGCAGAGAATG-1,5
TAGTCCGTATGCATAA-1,2
TAGTCCTGCACTAAGC-1,3
TAGTCGATCACGGGTT-1,6
TAGTCTAACAACGAGA-1,5
TAGTCTGCGGCACATT-1,3
TAGTCTGTGACGTTGC-1,7
TAGTCTTTCCGAATTG-1,9
TAGTGAGAAGTGGTTG-1,2
TAGTGCCCTCCAGAGT-1,5
TAGTGGAACTCATACA-1,7
TAGTGTCAGAAACGGC-1,8
TAGTTAAGATAGGATA-1,1
TAGTTTATTCTTGCTT-1,1
TATAAATCCACAAGCT-1,1
TATAAGTGAGGATAGC-1,1
TATACACAGACGCCTT-1,1
TATACACGCAAAGTAT-1,4
TATACGCGTCATCACT-1,1
TATACTCATGCGGCAA-1,8
TATAGAGTCGCTTGAA-1,1
TATAGATGGTCGCAGT-1,2
TATAGCGCACGTTATC-1,4
TATAGGGTACTCATGA-1,5
TATAGTTAGGTGTACT-1,3
TATATAGGGCTTTACG-1,3
TATATATCGAGAAATG-1,3
TATATCAAAGTGATCT-1,3
TATATCCCTGGGAGGA-1,2
TATATTACAAATGTCG-1,8
TATATTCGCGTCGATA-1,1
TATCACAGCACGGGCA-1,1
TATCACCATGTAAAGT-1,4
TATCACCCAACCGACC-1,7
TATCACTTCGAGTAAC-1,8
TATCAGTGGCGTAGTC-1,9
TATCCAATTGGTTATC-1,4
TATCCATATCATGCGA-1,1
TATCCATCTCGGTTAG-1,3
TATCCGCACCGTCGGG-1,1
TATCCTATCAACTGGT-1,3
TATCCTGCATGGGAAT-1,1
TATCGATCTATGCATA-1,1
TATCGATGATTAAACG-1,2
TATCTACAGAGGTAAT-1,5
TATCTACCACAGCGGG-1,1
TATCTAGCCTAAAGGA-1,8
TATCTGAGCCGATATT-1,3
TATCTTGCAATACAAC-1,3
TATGAAGAATTAAGGT-1,6
TATGAAGACAGGTGCG-1,5
TATGATAAATCTAACG-1,7
TATGATCCGGCACGCC-1,7
TATGATCTTCTCTTTA-1,6
TATGATTCTGCTTGGT-1,2
TATGCTCCCTACTTAC-1,1
TATGGAGTTTCTCGTT-1,2
TATGGATGTGCTACGC-1,5
TATGGCAGACTTTCGA-1,2
TATGGCCCGGCCTCGC-1,5
TATGGGACCGAGCAGG-1,5
TATGGGTACGTATCGT-1,4
TATGGTCTGAGTAACA-1,5
TATGGTTAGTGGGAGA-1,4
TATGTAAAGTGCTTAA-1,3
TATGTCAAGACCGACT-1,8
TATGTCTCATTGTGCC-1,1
TATTAACACCAAAGCA-1,9
TATTAACCTGACCGCG-1,3
TATTACCATCCTGCTT-1,2
TATTATGTTTGCCTGC-1,3
TATTCAATTCTAATCC-1,5
TATTCCGAGCTGTTAT-1,6
TATTCCGGCAGTCCTA-1,1
TATTCCTCCGCCCACT-1,8
TATTCGTGCCAGAATA-1,5
TATTGACATTTCTGCC-1,2
TATTGCCGGGCTTGTA-1,6
TATTTAGTCTAGATCG-1,1
TATTTATACCGAGTAG-1,7
TATTTGATTTGCACAG-1,7
TATTTGTTACCCTTTA-1,5
TCAAACAACCGCGTCG-1,1
TCAAACAATTAGGACA-1,7
TCAAACTTAGATTGTT-1,2
TCAAAGTCACGGCGTC-1,3
TCAAATTGTTGTGCCG-1,6
TCAAATTTGAGACTCA-1,1
TCAACAAAGATAATTC-1,3
TCAACACATTGGGTAA-1,2
TCAACATAGCGCCCTA-1,3
TCAACATCGACCGAGA-1,9
TCAACCATGTTCGGGC-1,5
TCAACGAGGAGACAAA-1,5
TCAACGCAGGAAATAA-1,8
TCAACGCGACCGGCAG-1,5
TCAACTAACGTATAAC-1,4
TCAACTGCAGAGTCAG-1,2
TCAAGAAATACTAGCT-1,2
TCAAGCGCGGACGGTA-1,4
TCAAGGTTACTACACC-1,9
TCAATACGCCGTCATG-1,1
TCAATATACAGGAGGC-1,6
TCACAAACCGAGGTAC-1,6
TCACAGATCCTCAAAC-1,2
TCACAGGGAATCGCAA-1,7
TCACAGGTTATTGGGC-1,5
TCACATCTTATCTGAT-1,4
TCACCCTCTTAAGATT-1,1
TCACCGCTCGGCACTC-1,7
TCACGATGTCCGTGGA-1,3
TCACGCATTGTAGATC-1,5
TCACGGCCCAAGAGAG-1,3
TCACGGTCATCGCACA-1,2
TCACGTGCCCGATTCA-1,5
TCACTACGACCAATGC-1,8
TCACTATCCCTTCGGT-1,6
TCACTATCGTGCAATC-1,2
TCACTCAGCGCATTAG-1,4
TCACTCGTGCAACGGC-1,8
TCAGAACCTCCACAGG-1,2
TCAGAACGGCGGTAAT-1,3
TCAGACGCTATAGAAG-1,1
TCAGCAAATGCATCTC-1,2
TCAGCAGTAGGCCCTG-1,3
TCAGCCAATCCGTAAA-1,6
TCAGGGCGCAAACTCG-1,8
TCAGGGTGCACGAAAC-1,9
TCAGGGTGTAACGTAA-1,1
TCAGGTTCTTTGAGAA-1,4
TCAGTACTGACCCGCG-1,5
TCAGTAGGGACTATAA-1,4
TCAGTGTATACGTCAT-1,3
TCAGTTACGGAATGAT-1,2
TCATACTTACAGATCC-1,4
TCATATGAGCTTTGTT-1,1
TCATCACTCGAGCTCG-1,4
TCATCCCAGAGGGTGG-1,7
TCATCCTCAGCTGCTT-1,6
TCATCGACGACCGTCG-1,6
TCATCGATGGTCCCAA-1,3
TCATGCAGGTTCTCAT-1,7
TCATTCGTATAATTTG-1,7
TCATTTAAGTCTCCGA-1,2
TCCAACTCAGCTATCT-1,6
TCCAACTTTAAATTCT-1,5
TCCAAGCCTAGACACA-1,6
TCCAATAAAGGCTACC-1,3
TCCACAATGGTTTACG-1,5
TCCACATCGTATATTG-1,1
TCCACCAAGACATAGG-1,6
TCCACCTCTAGCCTTT-1,1
TCCACTTTATCTAGGT-1,1
TCCAGAGCACCGGTTC-1,1
TCCAGATGTACGCCAA-1,7
TCCAGCGCTATAAGCG-1,9
TCCAGGCAGGACGATC-1,3
TCCAGGCGAGTACGGT-1,5
TCCAGGGTATATACGA-1,1
TCCATCAATACTAATC-1,3
TCCATTAGTTGGATAG-1,2
TCCATTGTGACCTCGT-1,7
TCCCAAACAGACAACG-1,9
TCCCAAAGACGAAGGA-1,2
TCCCAAAGCCCTAAAT-1,9
TCCCACGGAGGGAGCT-1,2
TCCCACTCTCTTCCGG-1,2
TCCCAGCTTTAGTCTG-1,5
TCCCAGGCTTAGCTAA-1,5
TCCCGCGTACTCCTGG-1,1
TCCCGGGTGTGCTGCT-1,5
TCCCGGTCAGGAATTT-1,2
TCCCGTCAGTCCCGCA-1,1
TCCCGTCGCGTCATAG-1,2
TCCCGTGTGCAATTTG-1,1
TCCCTAGATCAATAGG-1,4
TCCCTCCGAAATCGTT-1,2
TCCCTCTTCTCAAGGG-1,6
TCCCTGGCGTATTAAC-1,3
TCCCTGGCTCGCTGGA-1,5
TCCCTTAGATTACTCG-1,8
TCCCTTGTCTGAAACT-1,6
TCCGAACTTGGCTTAC-1,5
TCCGAAGTAGTCACCA-1,4
TCCGAATGGTCCTGAG-1,2
TCCGACCGCTAATCAA-1,3
TCCGAGAAGGCTAAGC-1,2
TCCGATAATTGCCATA-1,1
TCCGATGACTGAGCTC-1,1
TCCGATGGTGCGACAT-1,5
TCCGATTACATTGCCG-1,5
TCCGCCTGTCTACAAG-1,4
TCCGCGGCAGCATCTG-1,4
TCCGCGGCCCAATGAA-1,4
TCCGCTGTCATCCCGG-1,9
TCCGCTTATCCCATTA-1,1
TCCGGAGGAAGGGCTG-1,4
TCCGGCCTAGCGTACA-1,7
TCCGGCCTGCATCGAT-1,1
TCCGGGCTTGACGGGA-1,6
TCCGTAACCACAATCC-1,8
TCCGTTAAGCTAATAT-1,4
TCCGTTTAGCCTTGAA-1,1
TCCTAAAGATTCAGAC-1,6
TCCTAAATTGGGAAGC-1,2
TCCTAACCGTCGGGCA-1,3
TCCTACATCCACGGCC-1,8
TCCTAGCAAAGAAGCT-1,5
TCCTCCTAAGACATTC-1,8
TCCTCTACGAGATGGC-1,4
TCCTCTCCAGTTGTCC-1,5
TCCTCTGGCCCATTAG-1,9
TCCTGCCAACTGGAGA-1,7
TCCTGCGTTGATACTC-1,5
TCCTGGCGCTGCCTGG-1,4
TCCTTACGACGGTCCG-1,6
TCCTTCAGTGGTCGAA-1,7
TCCTTGTCCTTTAATT-1,1
TCCTTTAAATCCGCTT-1,6
TCCTTTCTTACGCTTA-1,5
TCGAAATTTAGGACCA-1,5
TCGAAGAACCGAGCAC-1,9
TCGAATATCCCGCAGG-1,3
TCGACAACTGAACCCG-1,3
TCGAGACCAACACCGT-1,5
TCGAGCCAGGCAGGCC-1,3
TCGATAGGCTAGTCGC-1,1
TCGCAAAGATGCATTT-1,7
TCGCACCAGGAGGCAG-1,4
TCGCATAAAGGGCGCA-1,6
TCGCATCCCTAAGTGT-1,4
TCGCATTCAATGACTT-1,2
TCGCCCAACTGACTCC-1,8
TCGCCGAAGTTGCGTC-1,5
TCGCCGACATATTCGC-1,6
TCGCCGGTCGATCCGT-1,1
TCGCCTCGACCTGTTG-1,4
TCGCGTAGCAGTGTCC-1,7
TCGCGTCCAGAAGGTC-1,5
TCGCTAAACCGCTATC-1,7
TCGCTACTGGCTTTGA-1,6
TCGCTCGATATATTCC-1,2
TCGCTCGGCACCAGCG-1,7
TCGCTGCCAATGCTGT-1,6
TCGCTGGGCGGATTGT-1,1
TCGCTGTGCGTAAATC-1,2
TCGCTTTAAACGTTTG-1,1
TCGGAATGACCATCAA-1,9
TCGGAATGCGCTCTGA-1,5
TCGGACGCCCAGCCCA-1,8
TCGGAGAGTATCGGGA-1,8
TCGGAGTACATGAGTA-1,4
TCGGCGAACCCAAACC-1,9
TCGGCGTACTGCACAA-1,9
TCGGCTAACTTCCCTT-1,1
TCGGCTTGTATCGACG-1,6
TCGGGAACGTGCCTAG-1,2
TCGGGAGACAGCGTAC-1,2
TCGGGATTCAAACATA-1,8
TCGGGCACTTCTGGAT-1,2
TCGGGCCGTCGTGGTA-1,1
TCGGGTGAAACTGCTA-1,1
TCGGTCCCGACAATAG-1,3
TCGGTCCCTGACTCCA-1,4
TCGGTGACCGCTCCGG-1,4
TCGGTTAGCCATGTAG-1,1
TCGTAACTCCCAAGAC-1,6
TCGTAAGACGACATTG-1,1
TCGTAAGCTCCGAGGA-1,4
TCGTACCGACGTCAAG-1,3
TCGTATAGTGCAATTA-1,7
TCGTATCACCAAGCTA-1,7
TCGTATTACCCATTGC-1,5
TCGTATTTCGTCCGGA-1,7
TCGTCAAGTACGCGCA-1,1
TCGTCACACTGTTAGC-1,4
TCGTCCGCTGGCGTCT-1,1
TCGTCTTAGGCGTTAA-1,4
TCGTGTACTATGGATG-1,7
TCGTGTATTGGTCACG-1,7
TCGTGTCACGCTGACA-1,8
TCGTGTTCGACCACAA-1,7
TCGTTAGGAGTCCCTA-1,1
TCGTTCGTTATTATGT-1,1
TCGTTGGCTCGTCAAT-1,2
TCGTTTACGCGACCCT-1,6
TCTAAAGAACAGTCTC-1,9
TCTAACTGTATGTAAA-1,8
TCTAATACTGCCTCAG-1,3
TCTACACGTTCATGCA-1,9
TCTACCCAATAGAGAG-1,4
TCTACCGTCCACAAGC-1,2
TCTAGCAATCTCCGCC-1,8
TCTAGCATCTTCGATG-1,2
TCTAGCATGCCCAGAA-1,1
TCTAGGTGGCGACGCT-1,1
TCTAGTGATATCGTGG-1,9
TCTAGTTATCAGAAGA-1,5
TCTATAGGTGGGTAAT-1,6
TCTATCATGCAGTTAC-1,2
TCTATCCGATTGCACA-1,6
TCTATCGGTCGCAACA-1,1
TCTATGCTATAACGAC-1,6
TCTATTACGCTGGCGA-1,2
TCTATTACTAGAGGAT-1,8
TCTCAAATCAATCGGG-1,6
TCTCAGGCTACTCGCT-1,6
TCTCATGAGATAGGGT-1,4
TCTCCAACGTAGGTTA-1,7
TCTCCACAAGTTGAAT-1,6
TCTCCCTGGGCAGCGT-1,4
TCTCGAACGAGGTCAC-1,8
TCTCGACGTATCGCCG-1,9
TCTCGAGGAGGTTCGC-1,4
TCTCGGCTCCAGGACT-1,2
TCTCTAATAGCTGGTA-1,1
TCTCTCGCCGCACATA-1,2
TCTCTTACCGCGAACC-1,3
TCTGAACCGGTCGGCT-1,2
TCTGAACTCGTACCCG-1,9
TCTGAAGCACGTGGTC-1,6
TCTGAATTCCGTACAA-1,2
TCTGACGGGCTAACCC-1,1
TCTGACTGTAATGGTT-1,4
TCTGATCGGGTGCTAG-1,2
TCTGATGTATTCTGTC-1,6
TCTGCATACCTTGCTT-1,6
TCTGCCAGAAACTGCA-1,4
TCTGCGTCCGGTTTCT-1,2
TCTGGGAACCTTTGAA-1,2
TCTGGGTAGCGCTCAT-1,4
TCTGTCATACAAGAGC-1,2
TCTGTGACTGACCGTT-1,2
TCTGTGATGGAGGTTG-1,7
TCTGTGCCATCATAGT-1,1
TCTGTGGCTACATTTC-1,1
TCTTACAGAGGTACCG-1,2
TCTTACCGGAACTCGT-1,7
TCTTACGGCATCCGAC-1,5
TCTTACTTATGCCTCT-1,4
TCTTAGAGCTCCAATT-1,2
TCTTAGAGTGAACTCT-1,2
TCTTATGGGTAGTACC-1,2
TCTTCCCATGGGCACA-1,2
TCTTCGAATAGACGTT-1,1
TCTTCGATACCAATAA-1,5
TCTTCGCGGTGAGAGG-1,2
TCTTCTATAACCCGCC-1,2
TCTTGATGCGTAGCGA-1,2
TCTTGCTCCCGATACT-1,6
TCTTGGTAACACCAAA-1,1
TCTTTAAGACTATGAA-1,2
TCTTTAGAGTCTAACA-1,9
TCTTTAGCAGGCGAAC-1,2
TCTTTCTCTTAAGGAG-1,7
TGAAACCTCAACTCAC-1,4
TGAAACTTATGCAAGC-1,7
TGAAAGGACCTGACTC-1,3
TGAACAAGCAGGGACT-1,3
TGAACACCCGAAGCAG-1,2
TGAATACCGACGCGTA-1,6
TGAATATGCTATAAAC-1,4
TGAATGAGTGTTTCCC-1,3
TGAATGTCAGCCGGCC-1,9
TGACACTTCTCTTTGC-1,4
TGACAGGACAAGTCCA-1,9
TGACATCGAGCGGACC-1,2
TGACATGTAACGTGAC-1,1
TGACCAAATCTTAAAC-1,1
TGACCAGCTTCAAAGT-1,4
TGACCCAACTCACATT-1,4
TGACCCACGTTAGACA-1,5
TGACCCAGCATTCCCG-1,7
TGACGAATATTTCCCT-1,4
TGACGATGCACTAGAA-1,2
TGACTATAATCCTTTC-1,1
TGACTCCGAATCATAC-1,3
TGAGAATGCTTTACCG-1,2
TGAGAGATTTACCACG-1,1
TGAGATCAAATACTCA-1,1
TGAGATTAGGCCCTAA-1,9
TGAGCAGTCGTGAAGT-1,2
TGAGCCATACAGTCTC-1,5
TGAGCGGAAAGTGTTC-1,1
TGAGCTTTAATGACGC-1,7
TGAGGAGTGCCAGCTT-1,1
TGAGGCATGTACTGTG-1,9
TGAGGTGTGTGGCGGA-1,3
TGAGGTTGATCCCAAG-1,4
TGAGTGCCTCTTAAAT-1,5
TGAGTGGTCCGTGACG-1,1
TGAGTGTAACAACGGG-1,6
TGAGTTAAAGACATTC-1,9
TGATACATTTAGCCGT-1,9
TGATAGCGGGATTCTA-1,8
TGATCACCACACTGAC-1,3
TGATCAGGGAACTGCT-1,5
TGATCCCAGCATTAGT-1,2
TGATCGGTTTGACCCT-1,5
TGATCTACGCTGATCT-1,8
TGATCTATCACACTCT-1,6
TGATCTCCGGCGCCAG-1,4
TGATGGCTGTTTCTGA-1,2
TGATGGGACTAAGTCA-1,4
TGATGTCAATTAAGTG-1,6
TGATTATGGCACGCAG-1,4
TGATTCAGGTCCCGCG-1,4
TGATTCCCGGTTACCT-1,3
TGATTCGTCTATCACT-1,4
TGATTTATTAGCTGTG-1,5
TGATTTCCTCCTGACG-1,2
TGCAAACCCACATCAA-1,4
TGCAAAGTTCGTCTGT-1,3
TGCAACCCATCTGCGG-1,6
TGCAACTACTGGTTGA-1,6
TGCAAGAATGACGTAA-1,5
TGCAATCTAACACGGT-1,6
TGCAATTTGGGCACGG-1,4
TGCACAGTGAAGTTAT-1,8
TGCACGAGTCGGCAGC-1,1
TGCACTATGTGAGTGC-1,1
TGCAGAACTATATCGT-1,5
TGCAGAGTACCGAGCA-1,5
TGCAGATCGTCCTAGG-1,8
TGCAGCTACGTACTTC-1,8
TGCAGGATCGGCAAAG-1,1
TGCAGTGGTAGGGAAC-1,3
TGCAGTTTCCTCCCAT-1,1
TGCATATGTCTGTCAC-1,1
TGCATCTCCGGATCTT-1,7
TGCATGAGTAGATTCG-1,2
TGCATGGATCGGATCT-1,1
TGCATGGCAGTCTTGC-1,7
TGCATGTGACCCATAG-1,3
TGCATGTGGTAATCTA-1,1
TGCCAAAGTCAGACTT-1,8
TGCCAATGGGTACTCT-1,9
TGCCACCTGGCGAAAC-1,1
TGCCAGTACGTGGAGA-1,1
TGCCATGGCTTATAAG-1,1
TGCCATTACTAAAGAA-1,9
TGCCCGATAGTTAGAA-1,6
TGCCCGTACCGTTAAA-1,8
TGCCGAAAGCGTATTC-1,2
TGCCGATGTCATCAAT-1,2
TGCCGGATGTACGAGC-1,3
TGCCGTGGATCGTCCT-1,1
TGCCGTGGGACCCAAT-1,3
TGCCTAATTGAAGATT-1,2
TGCCTGACATCGGTCA-1,2
TGCCTGATCAAACGAT-1,1
TGCCTTGGCCAGGCAA-1,6
TGCGAATATGGGATTT-1,9
TGCGACACCCTAGTGC-1,8
TGCGACGGCCGAACGT-1,3
TGCGAGAAACGTTACG-1,4
TGCGAGATGGCGGCCA-1,4
TGCGAGCCCTTCCGCG-1,4
TGCGATGCTAATGGCT-1,8
TGCGCAAAGCATTTGG-1,2
TGCGCGATTAACGGAG-1,5
TGCGGACTTGACTCCG-1,6
TGCGGAGTAAAGGTGC-1,1
TGCGGCATAGTTCAAC-1,1
TGCGGGTATTGGGATC-1,2
TGCGGTCTACGAGTAA-1,1
TGCGGTGAAATTTCAT-1,7
TGCGTAAGAACCTGAT-1,5
TGCGTACGGCTAATTG-1,6
TGCGTCATGACTGAGC-1,3
TGCGTGATTGGGTGTC-1,4
TGCGTTTGTTGACACT-1,1
TGCTAAGTGTCTATTT-1,6
TGCTATACAAACGGAC-1,2
TGCTATGGCAAAGGGA-1,3
TGCTCACACAACAACC-1,7
TGCTCCACAGTTCTTA-1,7
TGCTCGGCGAAACCCA-1,1
TGCTCGGTGGGTCACC-1,6
TGCTCTTGAGAGTTTG-1,6
TGCTGGTTGGACAATT-1,1
TGCTGTTGAAGAACTC-1,4
TGCTTAGAGAGAATGC-1,3
TGCTTCCCAAGCAGTA-1,1
TGCTTGAAACCATGCA-1,4
TGGAAACGGAGTGAAC-1,2
TGGAACCACTGACACA-1,7
TGGAAGAAGGGAACGT-1,5
TGGAAGACGAACACCA-1,2
TGGAAGGATAAAGATG-1,1
TGGAATATCCTTGACC-1,7
TGGAATTAGACGCTTT-1,8
TGGACCAATCTAAGAT-1,6
TGGACCACGGCGTTGA-1,4
TGGACGCAATCCAGCC-1,3
TGGACTGTTCGCTCAA-1,9
TGGAGAATAATCGTCC-1,3
TGGAGCTAAAGTTCCC-1,1
TGGAGTGATGCGATGA-1,4
TGGATAGAGTAACAGA-1,5
TGGCAAACTAAATTAC-1,5
TGGCAACTCGCGCGCC-1,1
TGGCAAGCACAAGTCG-1,3
TGGCAATGGGACGGCG-1,5
TGGCACGAGCTCGAGT-1,4
TGGCAGATTACGATCA-1,5
TGGCAGCAGTAATAGT-1,4
TGGCATGAAGTTTGGG-1,3
TGGCCAAACTGAAGTA-1,1
TGGCCAATTTGGTACT-1,9
TGGCCGTATATTGACC-1,4
TGGCGGTGTGCGATTG-1,2
TGGCTACACTCTACCT-1,6
TGGCTATGTGACATAC-1,6
TGGCTCTTGTCGCGTA-1,8
TGGCTTGTACAAGCTT-1,8
TGGCTTTGGGTAGACA-1,1
TGGGAAATGCCTTTCC-1,4
TGGGATGCACTCATTC-1,8
TGGGCAATAGTTGGGT-1,9
TGGGCACAAACAGAAC-1,2
TGGGCACGTTCTATGG-1,1
TGGGCAGGCCACCGCA-1,2
TGGGCCACAAGAGCGC-1,1
TGGGCCCATACTAATT-1,9
TGGGCCTTGCCTGCAT-1,4
TGGGCGATACAATAAG-1,1
TGGGTAAGGTTCCCGC-1,7
TGGGTGCACAAGCCAT-1,6
TGGGTGGGATGTCATT-1,8
TGGGTGTAATAGATTT-1,6
TGGGTGTTAAGTAGAA-1,3
TGGGTTTCGGGCGTAC-1,3
TGGTAAGCAGGATTGA-1,8
TGGTAGAATATATGGG-1,9
TGGTATCGCATCCCAA-1,7
TGGTATCGGTCTGTAT-1,1
TGGTCCCACGCTACGG-1,5
TGGTCGTGCAAGGCAA-1,8
TGGTCGTTTGATAGAT-1,7
TGGTCTGTTGGGCGTA-1,5
TGGTGATCGTATTTGT-1,8
TGGTTAACTTACATTT-1,3
TGGTTAAGGGCGCTGG-1,8
TGGTTCAACGGGTAAT-1,9
TGGTTCGTAGCAAAGG-1,2
TGGTTGGAGGATCCTG-1,7
TGGTTTAAACGTGGGT-1,7
TGTAACTTGTCAACCT-1,4
TGTAATGACCACAATA-1,8
TGTAATGCCTTCGGAC-1,7
TGTACCTACACGAGGG-1,6
TGTACGAACAAATCCG-1,5
TGTACGCTATCAGCTT-1,1
TGTACTACTCTCACGG-1,7
TGTACTGTGCCAAAGT-1,2
TGTACTTCCGGGCATG-1,6
TGTAGCCAATTCCGTT-1,6
TGTAGCCATCCCATTC-1,4
TGTAGGAGAAATTTCC-1,4
TGTAGTGATCTATAAT-1,5
TGTATAACAGATCCTG-1,1
TGTATCAGACTGAAGC-1,4
TGTATCCTTATTCCAT-1,1
TGTATGGCGCAGACAG-1,1
TGTATTTACCTAATGC-1,4
TGTCATTTGTTGGGAA-1,7
TGTCCACGGCTCAACT-1,6
TGTCCCGACATAGCAC-1,1
TGTCCGCAAACAATTC-1,3
TGTCCGTGGCGCCTTT-1,4
TGTCCTAAGTCACCGC-1,5
TGTCGGCATGGTGGAA-1,4
TGTCGTTATCACATAT-1,3
TGTCTACAGTTTCTGT-1,1
TGTGACTACGCCAGTC-1,1
TGTGACTAGAGTTTGC-1,6
TGTGAGACTAGCCCAA-1,2
TGTGATTCCAGCGCTT-1,1
TGTGCCGGTGCCGGAA-1,6
TGTGCTTTACGTAAGA-1,8
TGTGGAGGAAGCTTAA-1,2
TGTGGCAAAGCGTATG-1,4
TGTGGCGGGCTTCTGG-1,1
TGTGGTTGCTAAAGCT-1,3
TGTGTAGTAGCACGTG-1,1
TGTGTCGCGAGTTGCA-1,2
TGTGTTCGTATCCAAG-1,5
TGTTATTGTATGTGGC-1,9
TGTTCCGCTTCCATGA-1,5
TGTTCCGGCCTGAGCT-1,3
TGTTCGTATTGCGGTG-1,1
TGTTCTTCCATTGACT-1,5
TGTTGATCACTGTTTA-1,7
TGTTGTCAAGAAGTCT-1,7
TGTTTAATACTTCATC-1,7
TGTTTCGGTACTTCTC-1,1
TGTTTGAGATCGTCAG-1,7
TTAAACAGAGTCCCGC-1,2
TTAAACCGGTAGCGAC-1,2
TTAAACCTGGTTCCTT-1,8
TTAAACTCGAATTCAT-1,2
TTAAAGGCGATGCTCG-1,3
TTAAAGTAAGTCGCCA-1,6
TTAACACCTCGAACAT-1,8
TTAACCAACCCTCCCT-1,1
TTAACGAACAAGCAGT-1,7
TTAACGTCGCAAGACC-1,2
TTAACTCACGCGTGGA-1,7
TTAACTTCAGGTAGGA-1,8
TTAAGACGAACGAACC-1,9
TTAAGATAGGATTGAC-1,4
TTAAGCCGACAACTTC-1,7
TTAAGCGCCTGACCCA-1,5
TTAAGGATACGGAGGT-1,2
TTAAGGCCCGTACTTT-1,3
TTAAGTATTGTTATCC-1,6
TTAATCAGTACGTCAG-1,7
TTAATGCGAGGTAACT-1,2
TTAATGTAGACCAGGT-1,2
TTAATTGCTTTGGGTG-1,6
TTAATTTCAGACGCGG-1,1
TTACAACTACGCATCC-1,2
TTACACGATCTGCGAC-1,6
TTACAGACCTAAATGA-1,7
TTACATCGTGGCCTGG-1,4
TTACATGCCACAACTA-1,4
TTACCATTGATTACCC-1,5
TTACCCATTGCCGGGT-1,7
TTACCCTAACAGTCCT-1,4
TTACCCTAGGGATTGG-1,1
TTACCGCCTTAGGGAA-1,4
TTACGGATGGTTCGAG-1,2
TTACGGTGTCACCGAG-1,2
TTACGTAGCGCGTGCT-1,7
TTACGTATCTATGACA-1,6
TTACTAAAGGACTTTA-1,9
TTACTATCGGCTTCTC-1,8
TTACTCCGGCCGGGAA-1,4
TTACTCTGGTACGTAC-1,5
TTACTGGGATATTTCA-1,5
TTACTGTCTAGAGCTC-1,7
TTACTGTTTCTCTACG-1,4
TTAGAAGAACATGACT-1,1
TTAGAATAAGGGTCGG-1,3
TTAGACACGATCGTTG-1,1
TTAGACGAGTCACCTC-1,9
TTAGAGTTTAGAAGGA-1,8
TTAGATAGGTCGATAC-1,2
TTAGCAACATGGATGT-1,1
TTAGCTAATACGATCT-1,7
TTAGCTCTGTAATCCG-1,8
TTAGCTGATTTGCCGT-1,1
TTAGGTCATAACCGAC-1,3
TTAGGTGTGACTGGTC-1,4
TTAGTAAACCTGCTCT-1,6
TTAGTAGGGCGGCGGG-1,5
TTAGTTATTCGTGGCA-1,7
TTAGTTCAAGTGTTCG-1,7
TTATAGATGCACATTA-1,2
TTATAGGTAATTGTCT-1,1
TTATAGTCCAAGGTGC-1,7
TTATATACGCTGTCAC-1,1
TTATATTTGGCAATCC-1,2
TTATCATACTCGCAAA-1,2
TTATCCAATCGAACTC-1,2
TTATCCGGGATCTATA-1,6
TTATCCTCAAGGAATA-1,9
TTATCGCCTGCGAAGC-1,8
TTATCTGACATTAGGA-1,9
TTATCTGTATCATAAC-1,1
TTATGAATGAAAGGGA-1,1
TTATGACAAACTGGAT-1,4
TTATGATCTTAACGAA-1,1
TTATGCGTCCCGGTCC-1,2
TTATGTTTGCGATAGA-1,4
TTATTAGAGCGTGTTC-1,1
TTATTAGGGAAGCATC-1,1
TTATTTCATCCCAAAC-1,4
TTCAAAGTCTCTAGCC-1,9
TTCAACGACCCGACCG-1,1
TTCAAGCCGAGCTGAG-1,7
TTCAATACTCTGAATC-1,1
TTCAATTAGCCATAAT-1,7
TTCACGAAAGGATCAC-1,5
TTCACTCGAGCACCTA-1,1
TTCACTTCCTAGAACG-1,3
TTCAGAGTAACCTGAC-1,2
TTCAGCCCTGGTCCAC-1,9
TTCAGCTGGCGTGCCC-1,6
TTCAGGCGTCAAAGCC-1,8
TTCAGTTCAAGAGGAG-1,3
TTCATAGCCTTGTAAC-1,2
TTCATGGCGCAACAGG-1,1
TTCCAATCAGAGCTAG-1,7
TTCCACATTTCTCGTC-1,2
TTCCAGACGAGATTTA-1,2
TTCCATCATGCGGTGA-1,8
TTCCATCGACAGCGTG-1,6
TTCCCGACGCTTCACT-1,7
TTCCCGGCGCCAATAG-1,9
TTCCGCAGAGAAATAT-1,7
TTCCGCGTGAGGCGAT-1,1
TTCCGGCTCGACTTCT-1,4
TTCCGGTATCTGTGTC-1,9
TTCCGGTTACCCACTT-1,9
TTCCTCGAGGGTGTCT-1,1
TTCCTCGGACTAACCA-1,6
TTCCTCTGCCCGAATA-1,8
TTCCTTTCTGTGTTGC-1,2
TTCGACAGAGCCCGTG-1,2
TTCGACGGGAAGGGCG-1,5
TTCGCACTCGCGTGCT-1,5
TTCGCACTGTACGACA-1,2
TTCGCATCCGGAAGCA-1,4
TTCGCCGCTCGCGCTA-1,9
TTCGCGCGCCATACGA-1,3
TTCGCTAGGAAGTTGT-1,9
TTCGCTATCTGACGTG-1,7
TTCGGACTGATGCCTT-1,2
TTCGGCAACCCGCTGA-1,7
TTCGGCTAGAGATGGT-1,2
TTCGGGACTAATCGCG-1,9
TTCGGGCGCTAGTCTT-1,1
TTCGGGTTGCCACGGG-1,4
TTCGGTACTGTAGAGG-1,1
TTCGTAATCCCAGCGG-1,7
TTCGTACTCCAGAACG-1,5
TTCGTGGGCTGGAAGC-1,7
TTCGTTCAACGAAGTT-1,7
TTCTAACCGAAGCTTA-1,1
TTCTACCTCAATCGGT-1,3
TTCTACCTTTATGTTG-1,7
TTCTACTTGCGAGGGC-1,1
TTCTAGAAAGTCTTAT-1,3
TTCTAGGCCAATTGTG-1,1
TTCTATGCCTTTCGCA-1,1
TTCTATTAAACGCAGC-1,3
TTCTCAATTGCTACAA-1,3
TTCTCTTACAGGTGAT-1,3
TTCTGACCGGGCTCAA-1,6
TTCTGCCGCGCCTAGA-1,1
TTCTGCGAGCGCCCTT-1,8
TTCTGCGGGTTAGCGG-1,8
TTCTGCTAGACTCCAA-1,2
TTCTGTTTCCTGTCGC-1,8
TTCTTAGTGAACGGTG-1,8
TTCTTAGTGGCTCAGA-1,1
TTCTTATCCGCTGGGT-1,9
TTCTTCCCTTTGATAT-1,1
TTCTTCGCAATAGAGC-1,1
TTCTTGAGCCGCGCTA-1,8
TTCTTGCTAGCATCTC-1,2
TTCTTGGAGTAATGAG-1,7
TTCTTGTAACCTAATG-1,2
TTCTTTGGTCGCGACG-1,7
TTGAAAGGTGTAAAGG-1,4
TTGAACGAATCCTTTG-1,2
TTGAACGACGTGCTGA-1,6
TTGAAGAATTCCCAGG-1,5
TTGAAGGATGGGCGCC-1,3
TTGAATATGGACTTTC-1,9
TTGAATCGTTGTATAA-1,9
TTGAATTCACGTGAGG-1,2
TTGACAGGAGCTCCCG-1,9
TTGACATGAACGTGGA-1,4
TTGACCAGGAACAACT-1,6
TTGACCATGTTCTCCG-1,7
TTGACGATTCAGCACG-1,1
TTGACGCTCCATGAGC-1,2
TTGACTACCATATGGT-1,5
TTGACTATTGTCCGGC-1,9
TTGAGAAGTTTAGCAT-1,6
TTGAGAGTACTGCTAA-1,5
TTGAGCAGCCCACGGT-1,9
TTGAGGCATTTAACTC-1,7
TTGAGGGTCGAACGCG-1,7
TTGATAGTCAATACAT-1,9
TTGATCTAACTTTGTC-1,5
TTGATGCCGCTCGTCG-1,3
TTGATGTGTAGTCCCG-1,7
TTGATTAGCTGTTTCT-1,8
TTGATTATGCAGATGA-1,4
TTGCAAGAAGACTCCT-1,1
TTGCACAATTCAGAAA-1,5
TTGCACGGAGCAGCAC-1,1
TTGCAGGTCATGAAGT-1,7
TTGCATGCTGATCACG-1,5
TTGCCAAGCAGAACCC-1,9
TTGCCATAGCCCGCTC-1,3
TTGCCCTGATCACGGG-1,5
TTGCCGCAGACCTACA-1,3
TTGCCGCTTTCTAGTA-1,1
TTGCCGGTGATCCCTC-1,8
TTGCCTAATCCAAAGT-1,3
TTGCCTTCTCGCCGGG-1,6
TTGCGCTTGATCAATA-1,6
TTGCGGCGACTCATGC-1,2
TTGCGTAGTTTGAGGA-1,8
TTGCGTGAACGCTTAG-1,8
TTGCGTGTGTAGGCAT-1,6
TTGCTAGCTACCAATC-1,2
TTGCTCATAGTACGTG-1,6
TTGCTCCCATACCGGA-1,1
TTGCTGAAGGAACCAC-1,1
TTGCTGATCATGTTCG-1,9
TTGCTGCACCTATCCA-1,8
TTGCTGGCCGGGCTTC-1,9
TTGGAAGAATACAGTC-1,9
TTGGACATGTGGCTTA-1,5
TTGGACCATCTGGCAA-1,4
TTGGACCTATAACAGT-1,6
TTGGAGTCTCCCTTCT-1,2
TTGGATCGACTTCTGG-1,1
TTGGATTGGGTACCAC-1,1
TTGGCCAAATTGTATC-1,6
TTGGCCATCTTGCGCT-1,2
TTGGCCTAGAATTTCG-1,7
TTGGCTCAATATGTGT-1,6
TTGGCTCGCATGAGAC-1,2
TTGGGAAGACGAGCCG-1,1
TTGGGACACTGCCCGC-1,1
TTGGGACGTAAGAGTT-1,9
TTGGGCGGCGGTTGCC-1,1
TTGGTATGGCTTGTGT-1,2
TTGGTTGCGGTGCGCG-1,3
TTGTAACTTCATAGCG-1,7
TTGTAAGGACCTAAGT-1,5
TTGTAAGGCCAGTTGG-1,7
TTGTAATCCGTACTCG-1,5
TTGTATCACACAGAAT-1,7
TTGTCGTTCAGTTACC-1,1
TTGTGAACCTAATCCG-1,6
TTGTGAGGCATGACGC-1,9
TTGTGATCTGTTCAGT-1,6
TTGTGCAGCCACGTCA-1,4
TTGTGGCCCTGACAGT-1,1
TTGTGGTAGGAGGGAT-1,8
TTGTGGTGGTACTAAG-1,6
TTGTGTATGCCACCAA-1,1
TTGTGTTTCCCGAAAG-1,1
TTGTTAGCAAATTCGA-1,2
TTGTTCAGTGTGCTAC-1,1
TTGTTGTGTGTCAAGA-1,4
TTGTTTCACATCCAGG-1,3
TTGTTTCATTAGTCTA-1,3
TTGTTTCCATACAACT-1,8
TTGTTTGTATTACACG-1,3
TTGTTTGTGTAAATTC-1,5
